Acido fijo; Acido volatil;Acido citrico;azucar residual;Cloruros;Libre dioxido de azufre;dioxido de sulfuro total ;densidad;pH;sulfatos;alcohol;Calidad
7;33;32;12;53;38;138;9906;313;28;112;6
74;2;36;12;38;44;111;9926;336;34;99;6
82;23;4;12;27;36;121;992;312;38;107;6
79;21;4;12;39;38;107;992;321;54;108;6
62;24;35;12;38;22;167;9912;31;48;106;6
63;33;27;12;46;34;175;9934;337;54;94;6
63;14;39;12;44;26;116;992;326;53;103;6
74;21;27;12;41;27;99;9927;319;33;98;6
74;21;27;12;41;27;99;9927;319;33;98;6
73;2;37;12;37;48;119;992;332;49;109;6
58;31;33;12;36;23;99;9916;318;6;105;6
59;29;25;12;57;48;224;9981;323;41;9;6
6;39;17;12;46;65;246;9976;315;38;9;6
73;24;29;12;37;37;97;9926;319;7;101;6
75;21;34;12;6;26;111;9931;351;47;107;6
75;21;34;12;6;26;111;9931;351;47;107;6
62;55;45;12;49;27;186;9974;317;5;93;6
71;21;4;12;69;24;156;9928;342;43;106;6
65;22;34;12;53;55;177;9983;352;44;99;6
69;2;28;12;48;36;159;9936;319;43;91;6
97;24;45;12;33;11;59;9926;274;47;108;6
76;28;39;12;38;21;115;994;316;67;10;6
94;26;53;12;47;25;109;9921;323;28;125;6
52;37;33;12;28;13;81;9902;337;38;117;6
9;24;5;12;48;26;107;9918;321;34;124;6
79;2;34;12;4;29;118;9932;314;41;106;6
71;29;49;12;31;32;99;9893;307;33;122;6
63;27;49;12;63;35;92;9911;338;42;122;6
74;16;49;12;55;18;150;9917;323;47;112;6
74;16;49;12;55;18;150;9917;323;47;112;6
63;27;49;12;63;35;92;9911;338;42;122;6
74;16;49;12;55;18;150;9917;323;47;112;6
83;19;49;12;51;11;137;9918;306;46;11;6
76;51;24;12;4;10;104;992;305;29;108;6
66;19;99;12;122;45;129;9936;309;31;87;6
79;14;74;12;28;30;165;991;308;82;123;6
68;21;74;12;47;25;111;9916;313;41;107;6
81;12;49;12;42;43;160;9934;313;48;97;6
71;31;38;12;36;10;124;9924;314;44;99;6
72;15;38;12;38;18;110;9917;319;43;111;6
68;33;28;12;32;38;131;9889;319;41;13;6
8;2;36;12;32;21;78;9921;308;37;104;6
64;22;32;12;66;57;158;9992;36;43;9;6
79;33;26;12;44;23;103;9932;319;54;105;6
57;27;32;12;46;20;155;9934;38;41;102;6
65;32;23;12;54;39;208;99272;318;46;99;6
74;2;37;12;28;28;89;99132;314;61;118;6
69;31;32;12;24;20;166;99208;305;54;98;6
69;31;32;12;24;20;166;99208;305;54;98;6
77;3;34;12;48;4;119;99084;318;34;121;6
77;3;34;12;48;4;119;99084;318;34;121;6
8;14;33;12;45;71;162;9914;307;47;11;6
69;25;33;12;35;35;158;99082;302;58;113;6
63;18;36;12;34;26;111;99074;316;51;11;6
6;35;51;12;29;10;102;9903;346;42;119;6
68;21;42;12;45;24;126;99234;309;87;109;6
62;3;31;12;48;19;125;98999;332;54;126;6
58;15;32;12;37;14;119;99137;319;5;102;6
76;22;28;12;56;68;143;9983;299;3;92;6
76;22;28;12;56;68;143;9983;299;3;92;6
69;28;33;12;39;16;98;9904;307;39;117;6
63;21;31;12;43;30;117;99158;349;68;11;6
72;27;31;12;31;27;80;98892;303;33;127;6
72;24;3;12;37;11;95;98914;296;36;125;6
72;24;3;12;37;11;95;98914;296;36;125;6
67;22;39;12;49;26;152;99346;35;47;10;6
63;22;34;12;36;32;96;98961;306;74;116;6
54;255;33;12;51;29;122;99048;337;66;113;6
63;32;26;12;49;63;170;9961;314;55;99;6
8;27;33;12;5;41;103;99002;3;45;124;6
8;27;33;12;5;41;103;99002;3;45;124;6
55;21;25;12;4;18;75;99006;331;56;113;6
73;26;32;12;41;29;94;98978;307;45;12;6
53;33;3;12;48;25;119;99045;332;62;113;6
8;24;33;12;44;28;101;99035;303;43;125;6
6;19;29;12;46;29;92;99033;322;53;113;6
57;28;35;12;52;39;141;99108;344;69;113;6
67;27;69;12;176;36;106;99288;296;43;92;6
67;27;69;12;176;36;106;99288;296;43;92;6
71;21;33;12;39;34;97;99112;311;75;112;6
66;27;25;12;33;36;111;98918;316;37;124;6
62;21;24;12;51;31;95;99036;324;57;113;6
61;37;46;12;42;61;210;997;317;59;97;6
54;29;38;12;29;31;132;98895;328;36;124;6
54;29;38;12;29;31;132;98895;328;36;124;6
66;26;36;12;35;43;126;99094;301;63;114;6
61;15;4;12;3;19;84;98926;319;96;13;6
48;225;38;12;74;47;130;99132;331;4;103;6
55;16;31;12;26;31;68;9898;333;44;1165;6
5;27;4;12;76;42;124;99204;332;47;101;6
58;27;4;12;76;47;130;99185;313;45;103;6
67;22;33;12;36;36;86;99058;31;76;114;6
56;33;28;12;31;33;97;99126;349;58;109;6
74;22;26;12;35;18;97;99245;312;41;97;6
65;24;19;12;41;30;111;99254;299;46;94;6
81;22;43;15;44;28;129;9938;322;45;11;6
62;12;34;15;45;43;117;9939;342;51;9;6
71;3;46;15;66;29;133;9906;312;54;127;6
79;19;45;15;45;17;96;9917;313;39;11;6
58;24;39;15;54;37;158;9932;321;52;93;6
63;23;33;15;36;15;105;991;332;42;112;6
8;24;36;15;47;17;129;9948;32;54;10;6
6;18;27;15;89;40;143;9923;349;62;108;6
63;2;4;15;37;35;107;9917;346;5;114;6
63;2;4;15;37;35;107;9917;346;5;114;6
62;18;38;15;28;36;117;993;347;54;97;6
6;16;37;15;25;43;117;9928;346;51;97;6
63;26;49;15;52;34;134;9924;299;61;98;6
63;26;49;15;52;34;134;9924;299;61;98;6
83;14;45;15;39;18;98;99215;302;56;11;6
6;41;5;15;63;17;120;9932;321;56;92;6
6;19;71;15;152;9;55;9927;312;46;98;6
83;14;26;15;49;56;189;9946;321;62;95;6
69;2;36;15;31;38;147;9931;335;56;11;6
68;18;37;15;27;37;93;992;33;45;108;6
5;33;16;15;49;10;97;9917;348;44;107;6
5;33;16;15;49;10;97;9917;348;44;107;6
8;23;46;15;3;30;125;9907;323;47;125;6
5;33;16;15;49;10;97;9917;348;44;107;6
73;19;68;15;5;31;156;9946;332;64;94;6
62;22;27;15;64;20;132;9938;322;46;92;6
84;16;33;15;33;16;98;994;314;42;97;6
76;19;42;15;44;6;114;9914;304;74;128;6
68;26;33;15;47;44;167;9928;312;44;105;6
74;28;49;15;34;20;126;9918;298;39;106;6
85;15;49;15;31;17;122;9932;303;4;103;6
85;15;49;15;31;17;122;9932;303;4;103;6
7;27;74;15;36;27;122;9926;335;48;112;6
66;25;31;15;35;32;127;9921;341;47;113;6
64;24;22;15;38;38;157;9934;341;55;99;6
68;27;32;15;44;19;142;9921;31;43;99;6
61;17;27;15;56;45;135;9924;32;43;102;6
87;45;4;15;67;17;100;9957;327;57;101;6
66;36;21;15;49;39;184;9928;318;41;99;6
56;18;31;15;38;16;84;9924;334;58;101;6
83;17;31;15;49;48;153;9942;312;58;94;6
7;32;35;15;39;24;125;9918;317;64;122;6
7;32;35;15;39;24;125;9918;317;64;122;6
64;17;34;15;93;43;136;9938;325;49;96;6
73;22;26;15;4;32;172;99194;327;48;112;6
73;22;26;15;4;32;172;99194;327;48;112;6
66;26;27;15;4;19;114;99295;336;62;105;6
73;16;35;15;36;29;108;99342;327;51;102;6
64;16;37;15;37;27;109;99345;338;5;98;6
72;3;26;15;41;46;178;99154;319;56;113;6
65;17;31;15;41;34;121;99092;306;46;105;6
65;17;31;15;41;34;121;99092;306;46;105;6
63;37;37;15;24;12;76;98876;294;39;123;6
61;21;38;15;39;37;122;98972;32;43;12;6
63;32;32;15;37;12;76;98993;33;46;123;6
58;58;0;15;2;33;96;98918;329;38;124;6
59;2;23;15;37;38;93;99021;336;49;12;6
59;2;23;15;37;38;93;99021;336;49;12;6
72;25;32;15;54;24;105;99154;317;48;111;6
61;28;26;15;3;25;101;98894;303;41;121;6
72;23;39;15;53;26;106;99166;318;47;111;6
68;37;67;15;175;16;98;99244;306;56;103;6
68;14;35;15;47;40;117;99111;307;72;111;6
68;14;35;15;47;40;117;99111;307;72;111;6
59;25;27;15;29;37;81;9892;32;46;122;6
57;25;21;15;44;21;108;99142;33;59;11;6
58;23;21;15;44;21;110;99138;33;57;11;6
75;21;29;15;46;35;107;99123;315;45;113;6
66;23;32;15;41;8;72;98949;322;39;127;6
62;2;25;15;55;8;120;99767;319;53;96;6
62;2;25;15;55;8;120;99767;319;53;96;6
58;3;23;15;34;37;121;98871;296;34;121;6
58;22;25;15;24;21;109;99234;337;58;104;6
65;2;33;15;39;36;110;99008;322;65;12;6
64;24;27;15;4;35;105;98914;313;3;124;6
55;16;26;15;32;35;100;99076;343;77;12;6
68;23;48;15;36;35;165;99162;318;45;113;6
66;24;27;14;57;33;152;9934;322;56;95;6
67;23;26;14;6;33;154;9934;324;56;95;6
72;24;27;14;38;31;122;9927;315;46;103;6
68;22;31;14;53;34;114;9929;339;77;106;6
56;16;27;14;44;53;168;9918;328;37;101;6
74;24;42;14;66;48;198;9979;289;42;89;6
74;24;42;14;66;48;198;9979;289;42;89;6
74;24;42;14;66;48;198;9979;289;42;89;6
69;27;4;14;5;64;227;9979;318;58;96;6
10;2;39;14;5;19;152;994;3;42;104;6
65;41;24;14;48;24;113;9982;344;53;98;6
65;41;24;14;48;24;113;9982;344;53;98;6
64;41;24;14;48;24;113;9982;344;53;98;6
74;36;33;14;25;27;55;9915;321;33;112;6
64;16;22;14;4;41;149;9933;349;58;10;6
67;3;35;14;18;36;160;9937;311;54;94;6
72;24;4;14;45;31;106;9914;288;38;108;6
67;2;42;14;38;83;160;9987;316;5;94;6
62;16;54;14;126;37;110;9932;323;37;89;6
66;26;29;14;39;13;67;9915;305;49;109;6
7;24;34;14;31;27;107;99;306;39;119;6
65;17;33;14;28;14;99;9928;323;55;101;6
76;16;44;14;43;25;109;9932;311;75;103;6
76;16;44;14;43;25;109;9932;311;75;103;6
71;18;42;14;45;47;157;9916;295;31;105;6
74;23;43;14;44;22;113;9938;322;62;106;6
73;18;65;14;46;28;157;9946;333;62;94;6
73;18;65;14;46;28;157;9946;333;62;94;6
62;16;47;14;29;23;81;99;326;42;122;6
62;27;49;14;5;20;74;9931;332;44;98;6
63;24;74;14;172;24;108;9932;327;39;99;6
77;12;32;14;6;47;150;9952;337;42;92;6
65;18;26;14;41;40;141;9941;334;72;95;6
65;18;26;14;41;40;141;9941;334;72;95;6
78;22;36;14;56;21;153;993;32;53;104;6
8;25;26;14;43;41;248;9986;303;57;87;6
63;2;58;14;204;15;97;9931;316;43;10;6
63;22;57;14;208;14;96;9932;316;43;10;6
76;2;31;14;47;41;142;9934;343;53;101;6
65;25;2;14;24;29;101;9916;324;54;108;6
57;32;18;14;29;26;104;9906;344;37;11;6
69;21;33;14;56;35;136;9938;363;78;103;6
74;17;29;14;47;23;107;9939;352;65;104;6
72;39;54;14;157;34;132;99449;311;53;9;6
72;39;54;14;157;34;132;99449;311;53;9;6
75;42;2;14;6;15;168;9944;306;4;94;6
61;16;24;14;46;17;77;99319;366;57;103;6
68;29;49;14;142;52;148;9937;308;49;9;6
72;22;24;14;41;17;159;99196;325;53;112;6
66;41;16;14;37;28;160;99167;295;45;106;6
64;22;34;14;23;56;115;98958;318;7;117;6
64;22;34;14;23;56;115;98958;318;7;117;6
59;445;26;14;27;23;109;99148;33;36;105;6
68;17;36;14;36;38;108;99006;319;66;12;6
62;15;27;14;41;51;117;9909;328;38;112;6
61;68;52;14;37;32;123;99022;324;45;12;6
7;29;35;14;36;42;109;99119;331;62;116;6
59;24;12;14;35;60;247;99358;334;44;96;6
74;16;32;14;65;23;140;99134;306;47;114;6
67;21;34;14;49;36;112;99091;302;5;11;6
6;29;25;14;33;30;114;98794;308;43;132;6
6;29;25;14;33;30;114;98794;308;43;132;6
78;2;2;14;36;25;83;99088;303;46;117;6
68;14;18;14;47;30;90;99164;327;54;112;6
68;14;18;14;47;30;90;99164;327;54;112;6
66;85;33;14;36;17;109;99306;327;61;95;6
56;26;18;14;34;18;135;99174;332;35;102;6
71;39;79;14;194;23;90;99212;317;46;105;6
6;19;26;14;39;30;104;98998;332;41;124;6
66;36;47;14;145;26;124;99274;309;56;101;6
58;2;16;14;42;44;99;98912;323;37;122;6
59;29;32;14;22;17;47;9899;335;35;115;6
57;33;32;14;43;28;93;9897;331;5;123;6
53;6;34;14;31;3;60;98854;327;38;13;6
81;28;4;69;5;30;97;9951;326;44;101;6
81;28;4;69;5;30;97;9951;326;44;101;6
62;32;16;7;45;30;136;9949;318;47;96;6
63;48;4;11;46;30;99;9928;324;36;96;6
74;34;42;11;33;17;171;9917;312;53;113;6
66;27;41;13;52;16;142;9951;342;47;10;6
69;24;35;1;52;35;146;993;345;44;10;6
7;28;39;87;51;32;141;9961;338;53;105;6
74;27;48;11;47;17;132;9914;319;49;116;6
85;24;39;104;44;20;142;9974;32;53;10;6
67;23;39;25;172;63;158;9937;311;36;94;6
67;24;39;29;173;63;157;9937;31;34;94;6
64;18;35;1;45;39;108;9911;331;35;109;6
68;2;59;9;147;38;132;993;305;38;91;6
69;25;35;13;39;29;191;9908;313;52;11;6
66;38;15;46;44;25;78;9931;311;38;102;6
68;22;24;49;92;30;123;9951;303;46;86;6
66;38;15;46;44;25;78;9931;311;38;102;6
62;27;43;78;56;48;244;9956;31;51;9;6
86;23;46;1;54;9;72;9941;295;49;91;6
71;44;62;118;44;52;152;9975;312;46;87;6
72;39;63;11;44;55;156;9974;309;44;87;6
71;44;62;118;44;52;152;9975;312;46;87;6
72;39;63;11;44;55;156;9974;309;44;87;6
6;34;66;159;46;26;164;9979;314;5;88;6
6;34;66;159;46;26;164;9979;314;5;88;6
71;23;35;165;4;60;171;999;316;59;91;6
71;23;35;165;4;60;171;999;316;59;91;6
65;17;54;85;82;64;163;9959;289;39;88;6
6;31;24;33;41;25;143;9914;331;44;113;6
7;14;4;17;35;16;85;9911;319;42;118;6
64;13;47;16;92;40;158;9928;321;36;98;6
61;3;56;27;46;46;184;9924;331;57;109;6
81;28;39;19;29;18;79;9923;323;52;118;6
85;21;41;43;36;24;99;9947;318;53;97;6
81;2;4;2;37;19;87;9921;312;54;112;6
63;255;37;11;4;37;114;9905;3;39;109;6
76;18;46;102;55;58;135;9968;314;43;99;6
82;23;4;75;49;12;76;9966;306;84;97;6
84;27;46;87;48;39;197;9974;314;59;96;6
69;23;4;75;4;50;151;9927;311;27;114;6
67;24;41;94;4;49;166;9954;312;61;99;6
64;3;45;35;197;76;180;9942;302;39;91;6
72;685;21;95;7;33;172;9971;3;55;91;6
63;495;22;18;46;31;140;9929;339;54;104;6
83;28;4;78;41;38;194;9976;334;51;96;6
82;27;39;78;39;49;208;9976;331;51;95;6
72;23;38;143;58;55;194;9979;309;44;9;6
72;23;38;143;58;55;194;9979;309;44;9;6
72;23;38;143;58;55;194;9979;309;44;9;6
72;23;38;143;58;55;194;9979;309;44;9;6
62;25;21;1555;39;28;159;9982;348;64;96;6
64;23;39;18;32;23;118;9912;332;5;118;6
69;115;35;54;48;36;108;9939;332;42;102;6
72;29;4;136;45;66;231;9977;308;59;96;6
53;585;7;71;44;34;145;9945;334;57;97;6
54;59;7;7;45;36;147;9944;334;57;97;6
66;19;41;89;46;51;169;9954;314;57;98;6
67;2;41;91;44;50;166;9954;314;58;98;6
75;17;44;113;46;65;146;997;317;45;10;6
67;17;5;21;43;27;122;9923;315;45;103;6
61;41;0;16;63;36;87;9914;327;67;108;6
83;2;35;9;5;12;74;992;313;38;105;6
61;41;0;16;63;36;87;9914;327;67;108;6
6;29;21;13;55;42;168;9914;332;43;111;6
73;41;24;68;57;41;163;9949;32;41;99;6
73;41;24;68;57;41;163;9949;32;41;99;6
73;4;24;67;58;41;166;995;32;41;99;6
78;25;41;37;42;37;149;9954;336;45;10;6
57;36;21;67;38;51;166;9941;329;63;10;6
68;28;6;11;132;42;127;9934;309;44;91;6
61;125;25;33;4;10;69;9934;354;59;101;6
68;28;44;93;31;35;137;9946;316;36;104;6
79;26;41;1515;4;38;216;9976;296;6;10;6
64;34;23;63;39;37;143;9944;319;65;10;6
65;28;35;154;42;55;195;9978;323;5;96;6
64;26;42;97;44;30;140;9962;318;47;91;6
54;29;47;3;52;47;145;993;329;75;10;6
67;19;41;156;56;75;155;9995;32;44;88;6
78;18;46;136;52;38;118;998;315;5;10;6
58;4;42;44;47;385;245;9937;325;57;96;6
73;22;37;143;63;48;191;9978;289;38;9;6
73;22;37;143;63;48;191;9978;289;38;9;6
73;22;37;143;63;48;191;9978;289;38;9;6
69;33;21;1;53;39;148;9927;312;45;94;6
77;29;48;23;49;36;178;9931;317;64;106;6
69;33;21;1;53;39;148;9927;312;45;94;6
77;29;48;23;49;36;178;9931;317;64;106;6
57;32;5;26;49;17;155;9927;322;64;10;6
61;55;15;98;31;19;125;9957;336;47;102;6
73;24;43;2;21;20;69;99;308;56;122;6
64;19;42;29;32;32;83;9908;33;41;117;6
72;25;39;1895;38;42;155;9999;297;47;9;6
72;25;39;1895;38;42;155;9999;297;47;9;6
61;38;2;66;33;25;137;9938;33;69;104;6
66;52;44;122;48;54;245;9975;326;54;93;6
68;32;21;22;44;15;68;9932;317;39;94;6
68;32;21;22;44;15;68;9932;317;39;94;6
86;37;7;1215;39;21;158;9983;3;73;93;6
55;16;22;45;3;30;102;9938;324;36;94;6
71;55;13;17;73;21;165;994;297;58;92;6
59;36;41;13;47;45;104;9917;333;51;106;6
68;2;38;47;4;27;103;994;337;58;107;6
57;44;13;7;25;28;173;9913;333;48;125;6
72;28;54;167;45;54;200;999;308;49;95;6
68;19;58;142;38;51;164;9975;312;48;96;6
67;27;12;13;41;62;138;9921;321;42;10;6
78;34;35;18;42;8;167;9908;311;41;121;6
74;15;42;17;45;49;154;992;3;6;104;6
69;25;4;13;38;22;101;9901;303;39;114;6
59;32;39;33;114;24;140;9934;309;45;92;6
61;28;22;18;34;32;116;9898;336;44;126;6
52;36;2;16;31;24;104;9896;344;35;122;6
56;19;47;45;3;19;112;9922;356;45;112;6
64;1;35;49;48;31;103;9947;343;79;97;6
68;25;24;455;53;41;211;9955;337;67;95;6
55;35;35;11;45;14;167;992;334;68;99;6
67;24;41;87;36;29;148;9952;322;62;99;6
68;28;17;139;47;49;162;9983;321;51;9;6
63;26;24;72;39;38;172;9958;349;64;97;6
77;22;42;19;52;10;87;9922;33;49;118;6
61;41;24;16;49;16;137;993;332;5;104;6
72;34;44;42;47;51;144;991;301;76;123;6
78;22;38;103;59;28;99;9967;312;47;10;6
61;26;51;22;5;61;154;9929;308;6;98;6
73;3;22;64;56;44;168;9947;313;35;101;6
74;24;22;107;42;26;81;9954;286;36;97;6
74;24;22;107;42;26;81;9954;286;36;97;6
7;29;37;49;34;26;127;9928;317;44;108;6
74;37;35;57;61;12;94;9965;348;69;107;6
74;24;4;43;32;9;95;992;309;39;111;6
53;32;12;66;43;22;141;9937;336;6;104;6
7;32;24;62;48;31;228;9957;323;62;94;6
7;32;24;62;48;31;228;9957;323;62;94;6
59;14;25;45;27;34;140;9934;349;51;108;6
77;27;35;53;3;30;117;992;311;42;122;6
9;27;35;49;28;27;95;9932;304;4;113;6
71;17;38;74;52;49;182;9958;335;52;96;6
68;22;37;17;36;38;195;9908;335;72;125;6
71;17;38;74;52;49;182;9958;335;52;96;6
61;14;25;13;47;37;173;9925;335;46;10;6
61;28;25;69;56;44;201;9955;319;4;91;6
59;25;25;113;52;30;165;997;324;44;95;6
61;36;16;64;37;36;198;9944;317;62;99;6
76;29;58;175;41;51;225;9997;316;66;95;6
72;18;45;44;46;57;166;9943;313;62;112;6
77;2;44;139;5;44;130;99855;311;48;10;6
82;27;43;16;35;31;128;9916;31;5;123;6
82;27;43;16;35;31;128;9916;31;5;123;6
62;25;48;10;44;78;240;99655;325;47;95;6
7;2;37;2;3;26;136;9932;328;61;102;6
74;2;166;21;22;34;113;99165;326;55;122;6
72;29;4;76;24;56;177;9928;304;32;115;6
69;18;38;81;49;44;176;9958;33;54;98;6
73;3;42;735;25;51;175;9928;304;32;114;6
72;29;4;76;24;56;177;9928;304;32;115;6
69;2;5;10;36;78;167;9964;315;55;102;6
68;22;37;152;51;68;178;99935;34;85;93;6
69;18;38;81;49;44;176;9958;33;54;98;6
7;2;38;81;5;42;173;99585;33;54;98;6
5;44;4;186;39;38;128;9985;337;57;102;6
72;27;42;16;5;35;135;992;294;46;11;6
64;225;48;22;115;29;104;9918;324;58;121;6
78;29;22;95;56;44;213;99715;308;61;93;6
78;42;23;88;54;42;215;9971;302;58;92;6
54;18;24;48;41;30;113;99445;342;4;94;6
78;27;58;112;36;44;161;9977;306;41;89;6
78;27;58;112;36;44;161;9977;306;41;89;6
79;35;24;156;72;44;229;99785;303;59;105;6
73;655;2;102;71;28;212;9971;296;58;92;6
67;19;23;62;47;36;117;9945;334;43;96;6
7;21;37;72;42;36;167;9958;326;56;98;6
68;25;38;81;46;24;155;9956;333;59;102;6
6;2;24;18;3;30;105;9909;331;47;115;6
48;34;0;65;28;33;163;9939;336;61;99;6
63;26;21;4;3;24;125;9915;306;34;107;6
88;36;44;19;4;9;121;9953;319;48;99;6
74;26;43;6;22;22;125;9928;313;55;115;6
74;26;43;6;22;22;125;9928;313;55;115;6
5;31;0;64;46;43;166;994;33;63;99;6
56;19;39;11;43;17;67;9918;323;53;103;6
77;32;62;106;36;56;153;9978;313;44;89;6
77;32;62;106;36;56;153;9978;313;44;89;6
63;27;46;1175;37;61;212;9971;325;53;95;6
61;19;25;4;23;23;112;9923;337;51;116;6
59;26;21;125;34;36;152;9972;328;43;95;6
68;22;35;175;39;38;153;9994;324;42;9;6
68;22;35;175;39;38;153;9994;324;42;9;6
71;13;38;18;46;14;114;9925;332;9;117;6
51;39;21;17;27;15;72;9894;35;45;125;6
6;41;21;19;5;29;122;9928;342;52;105;6
86;16;38;34;4;41;143;9932;295;39;102;6
64;28;43;71;45;60;221;9952;309;45;94;6
83;15;39;13;55;32;146;993;308;39;105;6
83;16;48;17;57;31;98;9943;315;41;103;6
76;19;38;106;6;48;174;9962;313;38;105;6
68;34;74;28;88;23;185;9928;351;7;12;6
62;15;46;16;39;38;123;993;338;51;97;6
66;14;44;16;42;47;140;993;332;51;102;6
71;2;41;21;54;24;166;9948;348;62;105;6
88;17;38;18;4;39;148;9942;316;67;102;6
69;21;81;11;137;52;123;9932;303;39;92;6
81;26;37;19;72;48;159;9949;337;7;109;6
64;3;51;55;48;62;172;9942;308;45;91;6
63;27;25;58;38;52;155;995;328;38;94;6
63;27;25;58;38;52;155;995;328;38;94;6
74;2;37;1695;48;43;190;9995;303;42;92;6
74;2;37;1695;48;43;190;9995;303;42;92;6
72;21;35;145;48;35;178;9982;305;47;89;6
65;29;25;106;39;32;120;9962;331;34;101;6
63;27;25;58;38;52;155;995;328;38;94;6
63;17;42;28;28;45;107;9908;327;43;118;6
8;18;37;13;4;15;96;9912;306;61;121;6
63;55;45;13;47;33;182;9974;32;46;92;6
7;17;37;57;25;29;111;9938;32;49;108;6
53;395;7;13;35;26;102;992;35;35;106;6
77;25;43;45;62;20;115;9966;338;5;99;6
76;21;44;19;36;10;119;9913;301;7;128;6
75;42;45;91;29;20;125;996;312;36;101;6
76;21;44;19;36;10;119;9913;301;7;128;6
62;37;22;83;25;36;216;9964;333;6;96;6
79;22;45;142;38;53;141;9992;303;46;92;6
7;26;46;1555;37;61;171;9986;294;35;88;6
63;21;4;17;31;48;134;9917;342;49;115;6
92;28;41;1;42;14;59;9922;296;25;105;6
68;32;37;34;23;19;87;9902;314;53;127;6
68;32;37;34;23;19;87;9902;314;53;127;6
69;29;16;68;34;65;212;9955;308;39;9;6
62;21;38;68;36;64;245;9951;306;36;93;6
96;29;46;145;39;775;223;9944;292;46;95;6
84;35;56;138;48;55;190;9993;307;58;94;6
84;35;56;138;48;55;190;9993;307;58;94;6
78;16;41;17;26;29;140;991;302;78;125;6
78;16;41;17;26;29;140;991;302;78;125;6
73;34;39;52;4;45;163;9925;33;47;124;6
9;245;38;59;45;52;159;995;293;35;102;6
74;19;42;64;67;39;212;9958;33;33;96;6
92;15;68;16;46;22;130;9948;302;45;104;6
94;17;55;16;49;14;94;9949;302;61;103;6
52;365;8;135;41;37;142;997;346;39;99;6
63;23;22;375;39;37;116;9927;323;5;107;6
64;31;4;62;4;46;169;9953;315;46;93;6
73;43;37;46;28;17;114;991;323;43;132;6
69;16;35;13;43;21;182;9927;325;62;108;6
65;22;72;68;42;33;168;9958;312;36;92;6
57;21;24;23;47;60;189;995;365;72;101;6
57;21;24;23;47;60;189;995;365;72;101;6
73;22;41;154;5;55;191;1;332;59;89;6
63;29;4;65;39;43;167;9953;315;44;93;6
7;14;41;9;37;22;95;9914;325;43;109;6
73;22;41;154;5;55;191;1;332;59;89;6
76;28;39;19;52;23;116;9941;325;4;104;6
107;22;56;82;44;37;181;998;287;68;95;6
107;22;56;82;44;37;181;998;287;68;95;6
69;27;41;17;47;6;134;9929;315;69;114;6
69;28;41;17;5;10;136;993;316;71;114;6
69;46;2;9;54;5;126;992;31;42;104;6
66;56;16;31;45;28;92;994;312;35;91;6
71;36;56;13;46;25;102;9923;324;33;105;6
68;23;4;16;47;5;133;993;323;7;114;6
81;19;4;9;37;73;180;9926;306;34;10;6
63;67;48;126;52;57;222;9979;317;52;93;6
83;2;74;445;44;33;130;9924;325;42;122;6
83;2;74;445;44;33;130;9924;325;42;122;6
71;22;74;27;44;42;144;991;331;41;122;6
85;17;74;36;5;29;128;9928;328;4;124;6
79;22;24;46;44;39;159;9927;299;28;115;6
66;25;24;17;48;26;124;9942;337;6;101;6
65;26;74;133;44;68;224;9972;318;54;95;6
67;51;24;21;43;14;155;9904;322;6;13;6
78;26;74;75;44;59;160;996;322;64;10;6
88;23;74;32;42;15;126;9934;302;51;112;6
71;18;74;156;44;44;176;9996;338;67;9;6
71;18;74;156;44;44;176;9996;338;67;9;6
71;36;24;18;25;32;102;9903;334;59;128;6
78;3;74;18;33;33;156;991;329;52;128;6
78;3;74;18;33;33;156;991;329;52;128;6
68;17;74;24;53;61;182;9953;363;76;105;6
64;25;74;78;45;52;209;9956;321;42;92;6
64;25;74;78;45;52;209;9956;321;42;92;6
78;15;24;77;47;21;98;9951;294;31;96;6
75;14;74;16;35;21;126;9933;326;45;102;6
64;42;74;128;76;48;209;9978;312;58;9;6
78;24;18;67;46;33;160;9963;32;56;98;6
73;23;37;18;32;60;156;992;311;35;111;6
62;3;2;66;45;42;170;9944;336;45;104;6
71;16;25;13;34;28;123;9915;327;55;114;6
79;18;37;3;61;25;178;995;322;51;10;6
75;4;1;195;41;33;148;9977;324;38;12;6
69;17;22;46;64;55;152;9952;329;37;93;6
76;445;44;145;45;68;212;9986;348;36;10;6
87;34;46;138;55;68;198;9988;336;37;95;6
66;37;47;65;61;23;150;9954;314;45;96;6
77;38;4;2;38;28;152;9906;318;32;129;6
63;25;23;149;39;47;142;99705;314;35;97;6
61;255;44;123;45;53;197;9967;324;54;95;6
63;25;23;149;39;47;142;99705;314;35;97;6
64;28;19;54;42;67;181;99435;331;35;102;6
77;49;1;196;3;28;135;9973;324;4;12;6
67;37;41;63;61;22;149;9953;316;47;96;6
64;26;21;71;4;35;162;9956;339;58;99;6
76;3;22;102;49;57;191;9966;308;4;93;6
64;26;21;71;4;35;162;9956;339;58;99;6
76;3;22;102;49;57;191;9966;308;4;93;6
56;46;24;48;42;24;72;9908;329;37;126;6
68;3;35;28;38;10;164;9912;309;53;12;6
68;3;35;28;38;10;164;9912;309;53;12;6
73;19;24;63;54;34;231;9964;336;54;10;6
73;19;24;63;54;34;231;9964;336;54;10;6
73;17;23;63;51;35;240;9963;336;54;10;6
7;19;23;57;123;27;104;9954;304;54;94;6
7;19;23;57;123;27;104;9954;304;54;94;6
83;28;45;78;59;32;139;9972;333;77;112;6
61;34;46;47;29;21;94;991;329;62;123;6
7;24;25;17;42;48;189;992;325;42;114;6
61;34;46;47;29;21;94;991;329;62;123;6
67;18;19;47;46;57;161;9946;332;66;105;6
76;36;44;83;255;28;142;9958;312;43;102;6
76;27;25;139;5;45;199;9984;334;5;98;6
63;19;21;18;49;35;163;9924;331;5;103;6
7;21;22;51;48;38;168;9945;334;49;104;6
72;2;61;162;43;14;103;9987;306;36;92;6
72;2;61;162;43;14;103;9987;306;36;92;6
72;2;61;162;43;14;103;9987;306;36;92;6
75;29;67;81;37;53;166;9966;29;41;89;6
75;29;67;81;37;53;166;9966;29;41;89;6
72;31;41;86;53;15;89;9976;329;64;99;6
88;23;35;107;4;26;183;9984;293;49;91;6
75;29;67;81;37;53;166;9966;29;41;89;6
73;22;5;137;49;56;189;9994;324;66;9;6
92;71;23;62;42;15;93;9948;289;34;101;6
81;24;38;43;44;49;172;996;337;74;108;6
83;49;43;25;36;32;116;9944;323;47;107;6
68;27;35;78;48;76;197;9959;324;43;95;6
75;38;5;128;42;57;184;9984;309;46;9;6
76;16;41;19;47;27;151;9937;32;53;101;6
74;3;22;525;53;33;180;9926;313;45;116;6
76;17;35;16;47;43;154;9934;336;69;111;6
74;3;22;525;53;33;180;9926;313;45;116;6
7;25;56;2;35;20;95;9918;323;53;11;6
66;32;22;167;46;38;133;9979;322;67;104;6
69;19;39;8;28;22;84;994;311;66;108;6
66;32;22;167;46;38;133;9979;322;67;104;6
76;34;39;76;4;45;215;9965;311;53;92;6
76;34;39;76;4;45;215;9965;311;53;92;6
95;42;41;23;34;22;145;9951;306;52;11;6
67;3;45;106;32;56;212;997;322;59;95;6
57;385;4;126;34;22;115;9964;328;63;99;6
7;22;39;21;55;39;198;9951;352;54;102;6
68;28;35;23;42;16;85;9906;319;56;124;6
59;5;5;26;54;36;146;9948;343;5;92;6
75;18;39;19;54;23;91;9941;327;45;103;6
6;33;38;97;4;29;124;9954;347;48;11;6
99;49;23;24;87;19;115;9948;277;44;94;6
8;36;43;101;53;29;146;9982;34;46;95;6
74;29;25;38;44;30;114;992;311;4;11;6
64;33;24;98;41;29;109;9956;329;47;101;6
76;27;42;26;44;29;110;9912;331;51;127;6
79;28;41;49;58;31;153;9966;327;51;97;6
66;25;42;113;49;77;231;9966;324;52;95;6
81;25;38;38;51;18;129;9928;321;38;115;6
69;25;35;92;34;42;150;9947;321;36;115;6
69;25;35;92;34;42;150;9947;321;36;115;6
69;44;42;85;48;10;147;9974;332;46;95;6
69;44;42;85;48;10;147;9974;332;46;95;6
62;26;19;34;49;47;172;9924;314;43;104;6
73;21;21;16;46;35;133;99466;338;46;10;6
66;19;43;109;45;53;154;99752;352;77;104;6
66;19;43;109;45;53;154;99752;352;77;104;6
67;31;18;77;43;57;200;99566;317;44;94;6
67;31;18;77;43;57;200;99566;317;44;94;6
64;16;25;13;47;20;77;9933;361;54;102;6
63;16;22;13;46;18;66;99307;361;55;103;6
75;42;19;69;41;62;150;99508;323;37;10;6
65;29;42;106;42;66;202;99674;324;53;95;6
77;42;38;81;61;49;144;9966;34;58;11;6
61;41;4;13;36;23;121;99228;324;61;99;6
7;35;17;11;49;7;119;99297;313;36;97;6
7;35;17;11;49;7;119;99297;313;36;97;6
61;28;16;13;6;36;126;99353;313;46;87;6
7;23;42;51;42;37;144;99518;35;59;102;6
8;36;39;16;24;26;93;99116;315;49;119;6
74;35;2;139;54;63;229;99888;311;5;89;6
73;27;37;97;42;36;130;9979;348;75;99;6
88;24;23;103;32;12;97;99571;313;4;107;6
6;29;21;1555;43;20;142;99658;311;54;101;6
63;27;37;79;47;58;215;99542;319;48;95;6
64;37;37;485;41;395;2165;99432;31;5;98;6
62;26;37;71;47;54;201;99523;319;48;95;6
63;27;37;79;47;58;215;99542;319;48;95;6
61;28;24;1995;74;32;174;99922;319;44;93;6
61;28;24;1995;74;32;174;99922;319;44;93;6
74;4;41;141;53;37;194;99886;32;63;94;6
66;26;25;116;45;45;178;99691;333;43;98;6
62;28;45;75;45;46;203;99573;326;46;92;6
58;3;12;16;36;57;163;99239;338;59;105;6
65;23;25;173;46;15;110;99828;315;42;92;6
59;28;14;86;32;30;142;99542;328;44;95;6
59;28;14;86;32;30;142;99542;328;44;95;6
65;23;25;173;46;15;110;99828;315;42;92;6
63;26;42;71;45;62;209;99544;32;53;95;6
63;26;42;71;45;62;209;99544;32;53;95;6
66;24;24;86;34;25;135;99582;333;59;103;6
67;17;42;104;38;85;182;99628;304;44;89;6
64;28;56;17;156;49;106;99354;31;37;92;6
51;14;25;7;39;15;89;9919;322;43;92;6
66;35;35;6;63;31;150;99537;31;47;94;6
7;24;24;9;3;42;219;99636;347;46;102;6
75;13;38;11;23;42;104;99112;328;53;118;6
92;14;37;11;34;36;84;99136;305;55;116;6
715;17;24;96;119;56;178;99578;315;44;102;6
715;17;24;96;119;56;178;99578;315;44;102;6
96;655;21;2;39;21;120;99188;3;1;126;6
76;32;25;95;3;15;136;99367;31;44;121;6
69;3;25;33;41;26;124;99428;318;5;93;6
67;23;25;16;36;28;143;99256;33;54;103;6
65;22;5;164;48;36;182;99904;302;49;88;6
69;3;25;33;41;26;124;99428;318;5;93;6
66;26;38;65;17;68;201;9956;319;38;94;6
67;26;39;64;171;64;200;99562;319;38;94;6
75;28;39;102;45;59;209;9972;316;63;96;6
68;23;42;74;44;56;189;9958;322;48;93;6
68;23;42;74;44;56;189;9958;322;48;93;6
68;24;37;745;43;59;188;99579;32;5;94;6
75;26;25;17;38;29;129;99312;345;56;104;6
63;2;19;123;48;54;145;99668;316;42;93;6
77;18;35;58;55;25;144;99576;324;54;102;6
69;16;37;18;34;36;95;98952;293;59;12;6
63;2;24;17;52;36;135;99374;38;66;108;6
7;27;48;61;42;60;184;99566;32;5;94;6
72;26;4;63;47;52;172;99573;318;53;95;6
63;25;22;33;48;41;161;99256;316;5;105;6
65;22;45;8;53;52;196;9959;323;48;91;6
63;25;22;33;48;41;161;99256;316;5;105;6
65;22;45;8;53;52;196;9959;323;48;91;6
55;375;38;17;36;17;98;99142;329;39;105;6
59;2;4;13;47;23;92;99232;32;45;10;6
59;22;38;13;46;24;90;99232;32;47;10;6
53;16;39;1;28;40;101;99156;357;59;106;6
53;16;39;1;28;40;101;99156;357;59;106;6
56;19;46;11;32;33;115;9909;336;5;104;6
67;15;38;17;37;20;84;99046;309;53;114;6
67;15;38;17;37;20;84;99046;309;53;114;6
61;16;37;11;31;37;97;9922;34;58;105;6
57;21;25;11;35;26;81;9902;331;52;114;6
57;21;25;11;35;26;81;9902;331;52;114;6
69;14;38;1;41;22;81;99043;303;54;114;6
69;14;38;1;41;22;81;99043;303;54;114;6
68;26;48;62;49;55;182;99582;321;45;94;6
6;28;52;5;78;30;139;99494;31;36;9;6
81;12;38;9;34;36;86;99026;28;55;12;6
69;23;41;8;3;30;114;99368;322;54;11;6
63;22;22;56;39;31;128;99296;312;46;104;6
75;19;4;71;56;50;110;9954;306;52;99;6
68;32;39;96;26;34;124;99286;318;35;121;6
66;23;2;114;44;45;131;99604;296;51;97;6
66;23;2;114;44;45;131;99604;296;51;97;6
65;2;5;181;54;50;221;99941;294;64;88;6
68;25;37;31;26;29;93;99035;314;45;122;6
7;13;37;1285;42;36;105;99581;305;55;107;6
7;13;37;1285;42;36;105;99581;305;55;107;6
84;32;35;117;29;3;46;99439;302;34;118;6
7;13;37;1285;42;36;105;99581;305;55;107;6
75;18;37;62;5;21;138;99546;32;55;105;6
58;19;25;108;42;33;124;99646;322;41;92;6
68;24;38;83;45;50;185;99578;315;5;95;6
69;25;47;84;42;36;156;99604;315;55;94;6
63;33;42;172;37;57;170;99884;326;57;94;6
65;23;45;21;27;43;104;99054;302;52;113;6
62;33;41;168;37;58;173;99882;325;57;94;6
63;33;42;172;37;57;170;99884;326;57;94;6
72;21;1;11;154;46;114;9931;295;43;92;6
69;24;37;61;27;38;112;99086;319;34;124;6
71;17;43;13;23;33;132;99067;311;56;117;6
63;25;44;17;24;36;116;98935;318;4;125;6
85;19;48;11;26;23;58;99184;29;5;105;6
7;15;38;153;45;54;120;9975;318;42;98;6
61;18;38;23;33;28;111;98962;316;49;124;6
75;25;47;41;41;95;163;99184;292;59;113;6
85;19;48;11;26;23;58;99184;29;5;105;6
66;17;35;26;3;33;78;99146;322;72;113;6
85;23;4;99;36;24;88;9951;302;42;105;6
66;17;35;26;3;33;78;99146;322;72;113;6
63;28;47;112;4;61;183;99592;312;51;95;6
76;27;52;32;43;28;152;99129;302;53;114;6
77;26;51;26;45;26;159;99126;3;5;112;6
76;27;52;32;43;28;152;99129;302;53;114;6
67;24;46;22;33;19;111;99045;31;62;119;6
65;24;39;173;52;22;126;99888;311;47;92;6
62;25;42;8;49;53;206;99586;316;47;91;6
65;24;39;173;52;22;126;99888;311;47;92;6
5;24;21;22;39;31;100;99098;369;62;117;6
65;33;38;25;47;30;148;98964;317;43;127;6
66;25;35;29;34;38;121;99008;319;4;128;6
66;39;39;119;57;51;221;99851;326;51;89;6
62;25;39;13;51;42;135;9906;323;4;111;6
69;22;43;64;42;34;115;99293;305;51;108;6
66;39;39;119;57;51;221;99851;326;51;89;6
78;17;5;13;45;35;140;9904;316;4;12;6
72;32;4;87;38;45;154;99568;32;47;104;6
72;32;4;87;38;45;154;99568;32;47;104;6
58;39;47;75;27;12;88;9907;338;45;14;6
76;25;123;46;35;51;294;99018;303;43;131;6
72;4;38;22;3;40;109;99075;327;46;126;6
65;34;46;1;23;6;80;98865;315;54;129;6
52;34;37;62;31;42;133;99076;325;41;125;6
62;19;38;51;19;22;82;98961;305;36;125;6
76;17;46;9;36;63;147;99126;302;41;107;6
73;2;39;23;48;24;87;99044;294;35;12;6
73;2;39;23;48;24;87;99044;294;35;12;6
76;15;35;43;51;23;98;99422;31;44;95;6
65;24;38;1;27;31;90;98926;324;36;123;6
83;16;37;79;25;38;107;99306;293;37;119;6
65;24;38;1;27;31;90;98926;324;36;123;6
65;21;4;73;41;49;115;99268;321;43;11;6
76;24;44;38;37;49;146;9911;306;37;116;6
83;16;37;79;25;38;107;99306;293;37;119;6
7;21;42;53;37;36;123;99321;314;52;109;6
79;34;44;65;27;47;126;99124;296;37;125;6
79;34;44;65;27;47;126;99124;296;37;125;6
82;3;44;124;43;52;154;99452;304;33;12;6
75;18;45;46;41;67;158;9927;301;38;106;6
52;335;2;17;33;17;74;99002;334;48;123;6
66;24;38;1275;34;8;74;99386;31;57;129;6
82;3;44;124;43;52;154;99452;304;33;12;6
68;27;37;82;55;52;192;99586;311;52;95;6
68;27;42;73;54;58;200;99556;312;49;94;6
67;13;57;66;56;60;150;99548;296;43;94;6
68;21;37;7;38;27;107;99206;298;82;115;6
69;22;39;6;35;44;141;99123;311;33;125;6
64;16;42;1;36;29;113;9908;318;52;11;6
68;22;41;67;34;39;116;99245;318;46;115;6
67;13;45;42;43;52;131;99162;306;54;113;6
67;24;37;113;43;64;173;99632;308;53;99;6
58;23;2;2;43;39;154;99226;321;39;102;6
66;2;14;44;184;35;168;99396;293;45;94;6
8;34;25;64;35;38;103;99148;291;23;122;6
66;2;14;44;184;35;168;99396;293;45;94;6
63;24;35;23;39;43;109;99056;334;44;118;6
66;435;38;92;58;66;243;99833;323;54;91;6
58;18;37;11;36;31;96;98942;316;48;12;6
51;165;22;57;47;42;146;9934;318;55;99;6
66;425;25;235;34;23;87;99082;305;41;114;6
68;18;24;98;58;64;188;9952;313;51;106;6
67;18;24;103;57;64;185;99519;312;5;106;6
66;16;21;67;55;43;157;99384;315;52;108;6
53;32;23;965;26;26;119;99168;318;53;122;6
62;3;21;11;32;31;111;9889;297;42;122;6
62;3;21;11;32;31;111;9889;297;42;122;6
7;4;25;18;5;51;189;99174;3;55;114;6
88;39;35;18;96;22;80;99016;295;54;126;6
77;46;18;33;54;18;143;99392;312;51;108;6
77;46;18;33;54;18;143;99392;312;51;108;6
6;14;17;56;36;37;127;99373;305;57;98;6
67;21;48;148;5;31;195;99942;295;75;88;6
72;37;4;116;32;34;214;9963;31;51;98;6
72;37;4;116;32;34;214;9963;31;51;98;6
71;17;4;1455;47;47;156;99945;334;78;91;6
71;17;4;1455;47;47;156;99945;334;78;91;6
71;17;4;1455;47;47;156;99945;334;78;91;6
71;18;39;1525;47;45;158;99946;334;77;91;6
69;24;23;71;41;20;97;99246;31;85;114;6
6;16;22;16;42;36;106;9905;324;32;114;6
73;23;24;9;31;29;86;98926;29;38;122;6
68;19;4;985;55;41;103;99532;298;56;105;6
68;19;4;985;55;41;103;99532;298;56;105;6
65;22;19;11;64;36;191;99297;305;5;95;6
62;36;45;104;6;22;184;99711;331;56;98;6
62;36;45;104;6;22;184;99711;331;56;98;6
65;22;19;11;64;36;191;99297;305;5;95;6
8;2;44;1;57;24;111;99158;309;32;112;6
77;43;1;1995;32;42;164;99742;329;5;12;6
64;26;25;107;46;66;179;99606;317;55;99;6
7;22;24;11;41;75;167;99508;298;56;105;6
77;38;23;108;3;28;95;99164;293;41;136;6
72;23;46;64;36;17;85;99279;31;78;117;6
78;28;25;34;24;27;99;98959;298;37;13;6
66;23;37;85;36;46;153;99576;32;48;94;6
6;33;2;18;31;49;159;9919;341;53;11;6
6;33;2;18;31;49;159;9919;341;53;11;6
66;23;37;85;36;46;153;99576;32;48;94;6
62;47;19;83;29;24;142;992;322;45;123;6
6;33;2;18;31;49;159;9919;341;53;11;6
57;22;22;1665;44;39;110;99855;324;48;9;6
57;22;22;1665;44;39;110;99855;324;48;9;6
57;22;22;1665;44;39;110;99855;324;48;9;6
58;14;15;61;42;27;123;99362;306;6;99;6
57;22;22;1665;44;39;110;99855;324;48;9;6
78;31;4;16;27;20;87;9911;315;48;119;6
81;17;21;16;36;24;119;99396;318;52;101;6
68;19;71;175;42;21;114;99784;285;5;95;6
68;19;71;175;42;21;114;99784;285;5;95;6
68;19;71;175;42;21;114;99784;285;5;95;6
66;39;38;97;53;49;226;99787;33;57;94;6
66;26;24;72;38;28;137;9952;335;6;104;6
74;36;23;19;17;31;69;9892;293;36;125;6
7;16;25;143;44;27;149;998;291;46;92;6
7;16;25;143;44;27;149;998;291;46;92;6
68;16;18;18;46;31;114;99226;327;55;108;6
7;16;25;143;44;27;149;998;291;46;92;6
64;38;2;53;117;57;181;99459;324;43;95;6
64;36;2;57;118;61;172;9946;324;43;95;6
66;3;25;8;36;21;124;99362;306;38;108;6
66;3;25;8;36;21;124;99362;306;38;108;6
65;21;51;176;45;34;125;99966;32;47;88;6
66;3;25;8;36;21;124;99362;306;38;108;6
6;25;4;57;52;56;152;99398;316;88;105;6
6;25;4;57;52;56;152;99398;316;88;105;6
7;29;37;16;35;34;126;99058;326;47;123;6
63;32;17;1775;6;51;190;99916;313;48;88;6
63;32;17;1775;6;51;190;99916;313;48;88;6
62;21;18;116;44;61;155;99655;314;52;94;6
56;25;19;24;49;42;166;992;325;43;104;6
69;58;58;82;32;29;169;99275;328;44;122;6
68;15;41;129;44;795;183;99742;324;78;102;6
68;15;41;129;44;795;183;99742;324;78;102;6
68;15;41;129;44;795;183;99742;324;78;102;6
71;21;35;25;4;41;186;99128;332;56;125;6
64;15;4;13;53;61;146;99112;317;68;11;6
68;15;41;129;44;795;182;99742;324;78;102;6
67;34;43;16;41;29;114;99014;323;44;126;6
65;35;38;74;36;20;196;99712;347;48;91;6
63;18;24;34;53;20;119;99373;311;52;92;6
61;22;46;18;16;34;74;9884;319;33;134;6
66;26;52;82;47;52;191;99541;316;47;95;6
69;21;62;63;42;7;109;99358;296;59;102;6
63;4;24;51;36;43;131;99186;324;44;113;6
67;46;21;4;34;12;88;99016;326;54;13;6
63;4;24;51;36;43;131;99186;324;44;113;6
67;37;25;25;28;24;84;9909;314;36;117;6
66;21;5;87;36;41;191;99294;296;56;11;6
67;37;25;25;28;24;84;9909;314;36;117;6
65;27;19;66;45;98;175;99364;316;34;101;6
65;27;19;66;45;98;175;99364;316;34;101;6
6;31;38;48;4;41;101;98968;324;56;131;6
65;27;19;66;45;98;175;99364;316;34;101;6
6;28;24;178;47;42;111;99896;31;45;89;6
6;28;24;178;47;42;111;99896;31;45;89;6
6;28;24;178;47;42;111;99896;31;45;89;6
6;28;24;178;47;42;111;99896;31;45;89;6
59;435;16;64;31;21;134;99151;324;46;122;6
61;22;38;28;144;12;65;9908;295;64;114;6
72;23;82;13;149;70;109;99304;293;42;92;6
74;25;37;26;5;24;132;99138;304;53;112;6
57;23;25;795;42;16;108;99486;344;61;103;6
82;18;38;11;4;41;92;99062;288;6;12;6
64;2;15;66;46;26;113;99408;299;58;99;6
56;185;19;71;48;36;110;99438;326;41;95;6
56;185;19;71;48;36;110;99438;326;41;95;6
66;43;24;119;4;54;159;99622;314;54;98;6
54;185;19;71;48;36;110;99438;326;41;95;6
65;29;52;79;49;35;192;99551;316;51;95;6
65;29;52;79;49;35;192;99551;316;51;95;6
69;27;25;75;3;18;117;99116;309;38;13;6
65;29;52;17;34;41;193;99223;325;59;104;6
56;23;25;8;43;31;101;99429;319;42;104;6
73;23;41;146;48;73;223;99863;316;71;94;6
61;2;17;16;48;46;129;991;33;43;114;6
73;23;41;146;48;73;223;99863;316;71;94;6
61;25;48;158;52;25;94;99782;307;45;92;6
61;25;48;158;52;25;94;99782;307;45;92;6
65;46;24;115;51;56;171;99588;308;56;98;6
59;23;24;16;37;32;115;99076;321;51;114;6
76;19;37;131;33;52;151;99726;318;79;104;6
62;32;45;29;29;37;94;98998;325;6;124;6
76;19;37;131;33;52;151;99726;318;79;104;6
75;26;38;57;21;23;125;99338;313;62;111;6
64;2;22;74;32;53;172;99404;324;58;11;6
69;19;35;135;38;49;118;99546;3;63;107;6
69;19;35;135;38;49;118;99546;3;63;107;6
69;19;35;135;38;49;118;99546;3;63;107;6
7;2;4;11;58;30;93;99322;303;38;92;6
65;21;42;11;59;33;101;9927;312;38;97;6
68;27;24;46;98;36;127;99412;315;49;96;6
64;5;2;24;59;19;112;99314;318;4;92;6
64;5;2;24;59;19;112;99314;318;4;92;6
63;29;23;142;37;24;99;99528;308;38;106;6
67;28;42;35;35;43;105;99021;318;38;122;6
5;255;22;27;43;46;153;99238;375;76;113;6
6;2;25;2;41;30;95;99078;327;56;111;6
62;35;2;181;69;33;158;99908;315;5;88;6
62;35;2;181;69;33;158;99908;315;5;88;6
63;23;22;1745;54;42;151;99853;312;6;93;6
62;34;25;121;59;33;171;99769;314;56;87;6
59;65;23;5;35;20;128;99016;346;48;128;6
63;24;22;119;5;65;179;99659;306;58;93;6
65;31;61;13;53;31;123;99708;309;5;93;6
75;38;56;97;55;15;170;99605;313;65;99;6
67;2;24;65;44;28;100;99348;312;33;102;6
67;2;24;65;44;28;100;99348;312;33;102;6
69;26;38;105;44;33;139;99517;306;5;103;6
59;32;2;144;5;29;144;99666;324;41;103;6
6;17;21;6;5;26;134;9939;308;54;98;6
71;38;42;118;41;32;193;99624;304;49;10;6
62;29;23;124;48;33;201;99612;311;56;99;6
63;26;25;52;46;11;133;99202;297;68;11;6
6;22;23;5;45;10;122;99261;294;63;10;6
75;35;37;25;66;29;89;98964;314;42;127;6
65;26;24;108;42;47;130;996;308;4;101;6
59;14;2;16;4;26;114;99105;325;45;114;6
55;23;19;22;44;39;161;99209;319;43;104;6
7;24;24;18;47;29;91;99251;33;43;99;6
38;31;2;111;36;20;114;99248;375;44;124;6
62;36;22;525;38;44;145;99184;322;4;112;6
69;52;54;79;36;23;169;99267;326;47;122;6
7;55;5;8;36;19;164;99269;326;46;122;6
62;36;22;525;38;44;145;99184;322;4;112;6
57;22;2;16;44;41;113;99862;322;46;89;6
57;22;2;16;44;41;113;99862;322;46;89;6
57;22;2;16;44;41;113;99862;322;46;89;6
57;22;2;16;44;41;113;99862;322;46;89;6
57;22;2;16;44;41;113;99862;322;46;89;6
7;2;35;88;37;31;103;99388;313;49;11;6
56;26;0;102;38;13;111;99315;344;46;124;6
71;39;39;111;34;25;204;99616;305;52;10;6
61;24;25;16;44;24;115;9921;339;59;109;6
59;25;24;74;44;21;113;99462;338;58;105;6
66;34;25;48;38;16;121;99198;336;71;126;6
56;225;24;98;54;59;140;99545;317;39;102;6
63;28;22;115;36;27;150;99445;3;33;106;6
71;2;35;32;34;21;107;99195;311;54;111;6
76;31;52;132;42;61;148;99839;298;47;91;6
7;36;25;57;15;14;73;98963;282;59;132;6
72;34;2;58;62;52;203;99461;317;44;98;6
66;22;23;173;47;37;118;99906;308;46;88;6
66;22;23;173;47;37;118;99906;308;46;88;6
66;22;23;173;47;37;118;99906;308;46;88;6
66;22;23;173;47;37;118;99906;308;46;88;6
66;22;23;173;47;37;118;99906;308;46;88;6
61;22;5;66;45;30;122;99415;322;49;99;6
62;21;52;65;47;28;123;99418;322;49;99;6
72;24;24;17;45;18;161;99196;325;53;112;6
5;35;25;78;31;24;116;99241;339;4;113;6
5;35;25;78;31;24;116;99241;339;4;113;6
44;46;1;28;24;31;111;98816;348;34;131;6
64;28;22;128;39;51;150;99535;323;43;107;6
69;29;25;122;4;29;136;99552;305;65;104;6
77;28;24;24;44;29;157;99312;327;56;106;6
71;42;2;28;38;28;109;98968;323;47;134;6
57;25;22;98;49;50;125;99571;32;45;101;6
6;2;38;13;34;37;104;98865;311;52;127;6
64;15;25;78;5;13;68;99394;316;4;99;6
61;28;23;42;38;13;95;98898;297;7;131;6
6;19;37;97;32;17;50;9932;308;66;12;6
68;31;25;105;43;30;165;9972;336;55;1055;6
68;23;39;161;53;71;194;9988;318;64;102;6
66;54;21;163;55;41;182;9986;335;54;104;6
68;17;17;51;49;26;82;993;3;38;98;6
58;13;22;127;58;24;183;9956;332;42;117;6
66;16;25;98;49;595;137;995;316;38;10;6
58;13;22;127;58;24;183;9956;332;42;117;6
58;27;22;127;58;42;206;9946;332;38;123;6
68;17;17;51;49;26;82;993;3;38;98;6
64;37;19;35;68;18;101;9934;303;38;9;6
73;26;53;127;47;605;1645;9984;306;45;91;6
73;28;54;129;49;62;1625;9984;306;45;91;6
73;28;54;129;49;62;1625;9984;306;45;91;6
58;12;21;13;56;35;121;9908;332;33;114;6
73;26;53;127;47;605;156;9984;306;45;91;6
73;28;54;129;49;62;152;9984;306;45;91;6
63;25;53;18;21;41;101;989315;319;31;13;6
59;21;23;79;33;22;130;9944;338;59;109;6
54;27;22;46;22;29;107;98889;333;54;138;6
58;29;15;11;29;12;83;9898;33;4;114;6
68;32;23;33;26;31;99;9896;31;4;124;6
57;2;24;138;47;44;112;99837;297;66;88;6
63;37;51;63;48;35;146;9943;31;101;105;6
64;23;37;79;5;60;150;99488;286;49;93;6
59;34;25;2;42;12;110;99034;302;54;114;6
5;33;23;118;3;23;158;99322;341;64;118;6
8;33;35;10;35;22;108;99457;312;36;116;6
7;33;78;99;42;21;251;99435;301;55;11;6
67;66;0;13;33;32;75;99551;315;5;107;6
69;23;35;69;3;45;116;99244;28;54;11;6
5;33;18;46;32;40;124;99114;318;4;11;6
64;38;19;45;38;36;119;99151;307;42;112;6
64;4;25;42;32;15;91;98988;326;52;131;6
63;3;91;82;34;50;199;99394;339;49;117;6
61;19;37;26;41;24;99;99153;318;5;109;6
61;19;37;26;41;24;99;99153;318;5;109;6
63;3;91;82;34;50;199;99394;339;49;117;6
62;28;41;5;43;50;188;99318;323;64;108;6
58;29;38;107;38;49;136;99366;311;59;112;6
58;345;15;108;33;26;120;99494;325;49;10;6
6;24;41;13;36;42;118;99018;304;64;1175;6
65;21;35;57;43;47;197;99392;324;5;101;6
68;29;22;34;35;40;122;99024;309;47;123;6
71;43;25;28;36;43;132;98975;321;47;134;6
66;25;25;13;4;28;85;98984;287;48;112;6
66;33;41;2;27;14;79;99063;327;63;124;6
57;21;37;45;4;58;140;99332;329;62;106;6
56;27;37;9;25;11;49;98845;329;33;131;6
7;27;74;13;173;34;121;99334;304;46;92;6
64;69;9;76;44;34;144;9948;326;38;101;6
64;69;9;76;44;34;144;9948;326;38;101;6
63;36;5;83;53;51;202;9955;32;51;96;6
57;27;16;9;53;32;111;99474;336;37;104;6
56;205;16;1255;51;31;115;99564;34;38;108;6
54;205;16;1255;51;31;115;99564;34;38;108;6
57;27;16;9;53;32;111;99474;336;37;104;6
55;315;38;26;33;10;69;9909;312;59;108;6
52;24;15;71;43;32;134;99378;324;48;99;6
64;42;46;84;5;58;180;99495;318;46;97;6
63;48;48;18;35;35;96;99121;349;74;122;6
53;31;38;105;31;53;140;99321;334;46;117;6
53;31;38;105;31;53;140;99321;334;46;117;6
52;185;22;1;3;47;123;99218;355;44;1015;6
55;3;25;19;29;33;118;98972;336;66;125;6
63;23;5;104;43;61;132;99542;286;46;91;6
56;26;5;114;29;25;93;99428;323;49;105;6
62;35;25;184;51;28;182;99946;313;62;93;6
73;36;62;71;33;48;185;99472;314;62;106;6
64;19;35;102;43;40;106;99632;316;5;97;6
66;29;73;22;27;21;92;99;312;48;124;6
65;2;35;39;4;27;140;99102;298;53;118;6
58;315;19;194;31;28;106;99704;297;4;1055;6
67;3;5;121;45;38;127;9974;304;53;89;6
67;3;5;121;45;38;127;9974;304;53;89;6
62;3;42;22;36;28;128;9901;313;38;116;6
67;3;5;121;45;38;127;9974;304;53;89;6
47;785;0;34;36;23;134;98981;353;92;138;6
62;26;2;8;47;35;111;99445;311;42;104;6
66;28;9;109;51;37;131;99566;293;62;95;6
6;26;24;13;53;66;150;9924;321;62;104;6
7;17;42;1;75;19;71;99103;332;62;114;6
57;4;35;51;26;17;113;99052;318;67;124;6
61;41;2;126;32;54;136;99516;291;43;106;6
58;385;25;37;31;38;122;99128;32;63;112;6
57;4;35;51;26;17;113;99052;318;67;124;6
7;24;47;13;43;18;131;99176;319;45;11;6
65;28;38;78;31;54;216;99154;303;42;131;6
53;275;24;74;38;28;114;99313;338;51;11;6
57;22;25;11;5;97;175;99099;344;62;111;6
62;28;57;1;43;50;92;99004;317;36;115;6
48;29;23;11;44;38;180;98924;328;34;119;6
7;36;35;25;48;67;161;99146;305;56;111;6
7;36;35;25;48;67;161;99146;305;56;111;6
71;23;39;137;58;26;172;99755;29;46;9;6
71;23;39;137;58;26;172;99755;29;46;9;6
62;355;35;2;46;31;95;98822;306;46;136;6
57;41;21;19;48;30;112;99138;329;55;112;6
5;2;4;19;15;20;98;9897;337;55;1205;6
49;47;17;19;35;60;148;98964;327;35;115;6
66;34;4;81;46;68;170;99494;315;5;955;6
6;21;38;8;2;22;98;98941;326;32;118;6
7;27;36;207;45;45;170;1;3;45;88;6
7;27;36;207;45;45;170;1;3;45;88;6
74;25;36;205;5;31;100;992;319;44;108;6
67;19;36;11;26;63;143;9912;327;48;11;6
68;28;36;8;45;28;123;9928;302;37;114;6
61;18;36;2;38;20;2495;9923;337;79;113;6
73;28;36;127;4;38;140;998;33;79;96;6
73;28;36;127;4;38;140;998;33;79;96;6
69;24;36;208;31;40;139;9975;32;33;11;6
7;28;36;1;35;8;70;9899;309;46;121;6
73;26;36;52;4;31;141;9931;316;59;11;6
74;25;36;132;67;53;178;9976;301;48;9;6
74;25;36;132;67;53;178;9976;301;48;9;6
74;25;36;132;67;53;178;9976;301;48;9;6
74;25;36;132;67;53;178;9976;301;48;9;6
66;28;36;17;38;22;101;9912;329;57;116;6
68;2;36;16;28;7;46;99175;321;6;109;6
86;18;36;18;4;24;187;9956;325;55;95;6
71;3;36;68;55;445;234;9972;349;64;102;6
71;3;36;68;55;445;234;9972;349;64;102;6
61;37;36;47;35;36;116;991;331;62;126;6
76;32;36;16;4;32;155;993;323;52;113;6
7;24;36;49;83;10;133;9942;333;37;108;6
82;2;36;81;35;60;163;9952;305;3;103;6
81;2;36;97;44;63;162;997;31;46;10;6
85;32;36;149;41;47;190;9982;308;31;10;6
8;32;36;46;42;56;178;9928;329;47;12;6
83;3;36;10;42;33;169;9982;323;51;93;6
83;3;36;10;42;33;169;9982;323;51;93;6
65;34;36;11;52;53;247;9984;344;55;93;6
68;28;36;16;4;25;87;9924;323;66;103;6
74;18;36;131;56;72;163;1;342;35;91;6
74;18;36;131;56;72;163;1;342;35;91;6
79;18;36;59;58;31;132;995;325;52;109;6
88;33;36;21;34;19;125;99166;296;98;127;6
81;33;36;74;37;36;156;99592;319;54;106;6
81;33;36;74;37;36;156;99592;319;54;106;6
68;28;36;7;43;60;207;99556;316;49;96;6
72;2;36;25;28;22;157;9938;348;49;106;6
77;16;36;59;54;25;148;99578;325;54;102;6
76;2;36;19;43;24;111;99237;329;54;113;6
8;3;36;11;34;8;70;99354;305;41;122;6
66;21;36;8;34;48;113;99165;324;68;105;6
84;36;36;111;32;21;132;99313;295;39;13;6
69;3;36;9;37;40;156;98968;308;36;121;6
66;22;36;55;29;30;105;99206;32;47;118;6
62;23;36;172;39;37;130;99946;323;43;88;6
62;23;36;172;39;37;130;99946;323;43;88;6
62;23;36;172;39;37;130;99946;323;43;88;6
62;23;36;172;39;37;130;99946;323;43;88;6
62;23;36;172;39;37;130;99946;323;43;88;6
78;3;36;46;24;20;198;99222;306;66;119;6
75;33;36;26;51;26;126;99097;332;53;127;6
67;16;36;2;45;24;131;99284;33;59;105;6
67;24;36;84;42;42;123;99473;334;52;109;6
64;3;36;2;52;18;141;99273;338;53;105;6
67;24;36;84;42;42;123;99473;334;52;109;6
72;24;36;2;29;21;63;99076;313;63;125;6
72;24;36;2;29;21;63;99076;313;63;125;6
68;16;36;13;34;32;98;99058;302;58;113;6
66;17;36;19;36;38;110;99056;305;54;114;6
68;16;36;13;34;32;98;99058;302;58;113;6
59;44;36;25;3;12;73;99201;322;48;108;6
73;17;36;82;28;44;111;99272;314;41;124;6
73;17;36;82;28;44;111;99272;314;41;124;6
6;17;36;17;42;14;61;99144;322;54;108;6
6;16;36;16;42;13;61;99143;322;54;108;6
56;2;36;25;48;16;125;99282;349;49;10;6
72;19;31;16;62;31;173;9917;335;44;117;6
68;25;31;133;5;69;202;9972;322;48;97;6
64;33;31;55;48;42;173;9951;319;66;93;6
61;4;31;9;48;23;170;993;322;77;95;6
59;15;31;58;41;53;155;9945;352;46;105;6
68;22;31;63;35;33;170;9918;324;66;126;6
74;26;31;76;47;52;177;9962;313;45;89;6
78;18;31;122;53;46;140;998;306;53;89;6
78;18;31;122;53;46;140;998;306;53;89;6
77;42;31;92;48;22;221;9969;306;61;92;6
73;205;31;17;6;34;110;9963;372;69;105;6
73;205;31;17;6;34;110;9963;372;69;105;6
73;26;31;16;4;39;173;9918;319;51;114;6
73;26;31;16;4;39;173;9918;319;51;114;6
77;26;31;13;43;47;155;9937;342;5;101;6
64;15;31;11;44;25;96;9932;354;51;103;6
66;25;31;124;59;52;181;9984;351;47;98;6
7;21;31;6;46;29;108;9939;326;5;108;6
81;3;31;11;41;49;123;9914;299;45;111;6
82;18;31;118;39;96;249;9976;307;52;95;6
73;18;31;173;55;32;197;1;313;46;9;6
74;26;31;24;43;58;178;9941;342;68;106;6
77;23;31;107;38;59;186;9969;312;55;95;6
77;23;31;107;38;59;186;9969;312;55;95;6
72;2;31;10;54;49;165;997;34;42;99;6
77;24;31;13;47;33;106;993;322;55;108;6
84;2;31;28;54;16;89;99416;296;45;95;6
65;36;31;41;61;20;134;99475;318;45;9;6
85;25;31;28;32;11;61;99189;306;44;115;6
83;26;31;2;29;14;141;99077;295;77;122;6
69;26;31;7;39;37;175;99376;332;49;114;6
79;37;31;285;37;5;24;9911;319;36;119;6
62;25;31;32;3;32;150;99014;318;31;12;6
75;18;31;65;29;53;160;99276;303;38;109;6
75;18;31;65;29;53;160;99276;303;38;109;6
53;2;31;36;36;22;91;99278;341;5;98;6
71;2;31;685;53;32;211;99587;331;59;104;6
71;2;31;74;53;32;211;99587;331;59;104;6
71;2;31;74;53;32;211;99587;331;59;104;6
71;2;31;685;53;32;211;99587;331;59;104;6
56;15;31;53;38;8;79;9923;33;39;105;6
62;2;31;1;31;22;73;99035;324;52;113;6
67;39;31;27;54;27;202;9948;346;57;105;6
69;22;31;63;29;41;131;99326;308;49;108;6
69;22;31;63;29;41;131;99326;308;49;108;6
7;2;31;8;5;29;213;99596;328;57;104;6
58;15;31;59;36;7;73;99152;32;43;119;6
74;19;31;145;45;39;193;9986;31;5;92;6
74;19;31;145;45;39;193;9986;31;5;92;6
74;19;31;145;45;39;193;9986;31;5;92;6
74;19;31;145;45;39;193;9986;31;5;92;6
74;19;31;145;45;39;193;9986;31;5;92;6
74;19;31;145;45;39;193;9986;31;5;92;6
71;17;31;16;37;15;103;991;314;5;12;6
64;32;31;19;37;34;126;99;306;45;118;6
65;26;31;13;34;59;145;98944;316;54;124;6
75;24;31;131;5;26;180;99884;305;53;91;6
75;24;31;131;5;26;180;99884;305;53;91;6
75;24;31;131;5;26;180;99884;305;53;91;6
75;24;31;131;5;26;180;99884;305;53;91;6
75;24;31;131;5;26;180;99884;305;53;91;6
75;26;31;16;32;36;109;99044;297;43;119;6
68;33;31;74;45;34;143;99226;306;55;122;6
68;33;31;74;45;34;143;99226;306;55;122;6
67;24;31;23;44;37;113;99013;329;46;129;6
6;27;31;5;43;54;170;9924;328;52;11;6
71;25;31;23;5;32;156;9914;314;51;114;6
65;2;31;21;33;32;95;989435;296;61;12;6
65;36;31;1355;53;20;113;99544;32;56;11;6
65;36;31;1355;53;20;113;99544;32;56;11;6
59;21;31;18;33;45;142;98984;335;5;127;6
72;21;31;105;35;36;122;99478;312;4;106;6
61;27;31;39;34;42;137;99218;324;46;109;6
58;23;31;45;46;42;124;99324;331;64;108;6
65;28;33;157;53;51;190;9978;322;51;97;6
71;145;33;46;5;33;131;9942;328;4;96;6
61;36;33;11;5;24;169;9927;315;78;95;6
63;22;33;17;41;67;164;9928;332;56;104;6
7;23;33;58;4;25;136;995;319;58;95;6
69;24;33;48;4;16;131;9936;326;64;107;6
63;21;33;139;46;68;179;9971;336;5;104;6
65;23;33;138;42;25;139;99695;335;56;104;6
69;24;33;125;46;47;153;9983;328;77;96;6
62;28;33;17;29;24;111;99;324;5;121;6
61;27;33;22;21;26;117;9886;312;3;125;6
75;28;33;77;48;42;180;9974;337;59;101;6
85;16;33;1;76;17;57;9921;314;46;106;6
64;23;33;115;44;155;2175;992;333;44;11;6
75;38;33;5;45;30;131;9942;332;44;109;6
66;42;33;28;34;15;85;99;328;51;134;6
66;42;33;28;34;15;85;99;328;51;134;6
72;21;33;3;36;35;132;9928;325;4;11;6
75;22;33;67;36;45;138;9939;32;68;114;6
79;26;33;103;39;73;212;9969;293;49;95;6
79;26;33;103;39;73;212;9969;293;49;95;6
7;28;33;146;43;47;168;9994;334;67;88;6
7;28;33;146;43;47;168;9994;334;67;88;6
7;28;33;146;43;47;168;9994;334;67;88;6
67;23;33;18;36;23;96;9925;332;4;108;6
81;24;33;102;48;46;141;9972;316;48;103;6
7;22;33;21;52;15;76;993;32;41;106;6
89;24;33;1575;35;16;132;996;3;37;121;6
69;23;33;128;56;44;169;998;342;42;98;6
7;19;33;63;32;42;127;99182;331;38;122;6
78;32;33;104;31;47;194;99692;307;58;96;6
78;32;33;104;31;47;194;99692;307;58;96;6
89;26;33;81;24;47;202;99558;313;46;108;6
7;23;33;1;43;46;110;99118;304;65;108;6
76;1;33;1;31;33;93;99094;306;68;112;6
67;27;33;36;34;9;45;99144;308;4;105;6
67;27;33;36;34;9;45;99144;308;4;105;6
73;26;33;118;57;48;127;99693;31;55;10;6
73;26;33;118;57;48;127;99693;31;55;10;6
65;37;33;35;36;23;92;99136;318;38;112;6
73;21;33;1;37;66;144;9923;311;52;102;6
59;32;33;21;27;35;138;98945;337;42;127;6
65;16;33;48;43;45;114;992;318;44;112;6
58;29;33;37;29;30;88;98994;325;42;123;6
71;14;33;1;104;20;54;99057;319;64;115;6
6;26;33;435;4;15;80;98934;329;5;127;6
67;23;33;81;48;45;176;99472;311;52;101;6
56;32;33;74;37;25;95;99268;325;49;111;6
56;32;33;74;37;25;95;99268;325;49;111;6
68;19;33;49;47;42;130;99283;312;56;11;6
68;19;33;49;47;42;130;99283;312;56;11;6
7;25;33;21;21;17;76;99021;326;45;123;6
6;3;33;21;42;31;127;98964;332;42;125;6
68;24;33;32;49;68;161;99324;31;69;102;6
64;25;33;17;37;35;113;99164;323;66;106;6
81;27;33;13;45;26;100;99066;298;44;124;6
81;27;33;13;45;26;100;99066;298;44;124;6
63;23;33;69;52;23;118;9938;323;46;104;6
7;2;33;47;3;25;76;99202;288;54;105;6
57;22;33;19;36;37;110;98945;326;58;124;6
62;3;33;35;37;37;155;98987;318;37;124;6
67;31;33;2;33;12;74;99064;329;65;125;6
58;3;33;35;33;25;116;99057;32;44;117;6
78;27;33;24;53;36;175;992;32;55;11;6
9;2;33;35;49;10;40;9944;314;36;98;6
9;2;33;35;49;10;40;9944;314;36;98;6
68;23;33;19;47;20;101;9914;31;46;111;6
68;32;33;7;27;15;66;9899;311;31;118;6
61;32;33;107;36;27;98;99521;334;52;102;6
61;32;33;107;36;27;98;99521;334;52;102;6
69;31;33;127;38;33;116;9954;304;65;104;6
55;62;33;17;37;24;118;98758;315;39;1355;6
75;38;33;92;43;19;116;99444;308;42;114;6
6;52;33;77;46;24;119;99224;304;38;11;6
66;24;33;101;32;8;81;99626;319;51;98;6
58;27;27;123;45;55;170;9972;328;42;93;6
72;27;27;24;48;30;149;9936;31;51;92;6
72;27;27;24;48;30;149;9936;31;51;92;6
77;34;27;88;63;39;184;9969;309;63;92;6
65;28;27;52;4;44;179;9948;319;69;94;6
78;26;27;19;51;52;195;9928;323;5;109;6
77;24;27;18;51;52;190;9928;323;5;108;6
76;3;27;106;39;31;119;99815;327;3;93;6
76;3;27;106;39;31;119;99815;327;3;93;6
65;26;27;129;44;69;215;9967;317;43;10;6
61;24;27;98;62;33;152;9966;331;47;95;6
57;26;27;41;201;735;1895;9942;327;38;94;6
57;26;27;41;201;735;1895;9942;327;38;94;6
64;17;27;67;36;88;223;9948;328;35;102;6
84;58;27;1215;33;37;116;9959;299;39;108;6
84;58;27;1215;33;37;116;9959;299;39;108;6
66;34;27;62;59;23;136;9957;33;49;101;6
58;23;27;18;43;24;69;9933;338;31;94;6
10;23;27;141;33;45;166;9988;272;43;97;6
79;3;27;85;36;20;112;9939;296;46;117;6
84;2;27;63;48;30;143;9966;325;5;91;6
56;13;27;48;28;22;104;9948;334;45;92;6
83;24;27;21;3;22;162;9914;299;68;119;6
85;25;27;47;31;31;92;9922;301;33;12;6
74;18;27;13;48;26;105;994;352;66;106;6
85;25;27;47;31;31;92;9922;301;33;12;6
6;28;27;23;51;23;147;994;323;67;103;6
65;19;27;49;37;13;101;9916;317;41;118;6
76;31;27;58;36;23;109;99399;334;54;11;6
79;27;27;17;34;25;122;99088;297;51;119;6
79;27;27;17;34;25;122;99088;297;51;119;6
69;32;27;16;34;58;185;99938;334;6;9;6
72;19;27;112;61;46;149;99772;299;59;93;6
72;19;27;112;61;46;149;99772;299;59;93;6
62;28;27;103;3;26;108;99388;32;36;107;6
62;28;27;103;3;26;108;99388;32;36;107;6
56;18;27;17;3;31;103;98892;335;37;129;6
76;17;27;46;5;23;98;99422;308;47;95;6
76;17;27;46;5;23;98;99422;308;47;95;6
64;17;27;99;47;26;101;99596;334;5;99;6
64;17;27;99;47;26;101;99596;334;5;99;6
64;32;27;49;34;18;122;9916;336;71;125;6
64;32;27;49;34;18;122;9916;336;71;125;6
53;36;27;63;28;40;132;99186;337;4;116;6
53;36;27;63;28;40;132;99186;337;4;116;6
81;26;27;43;3;43;123;99212;316;33;112;6
8;25;27;97;36;15;85;99406;299;36;112;6
69;26;27;42;31;20;80;99089;312;39;115;6
8;25;27;97;36;15;85;99406;299;36;112;6
69;26;27;42;31;20;80;99089;312;39;115;6
65;25;27;174;64;29;140;99776;32;49;101;6
65;25;27;174;64;29;140;99776;32;49;101;6
59;12;27;48;3;40;110;99226;355;68;121;6
54;17;27;27;49;28;104;99224;346;55;103;6
61;23;27;98;55;74;134;99534;316;4;102;6
68;11;27;86;44;45;104;99454;32;37;99;6
68;11;27;86;44;45;104;99454;32;37;99;6
68;11;27;86;44;45;104;99454;32;37;99;6
6;28;27;41;46;50;147;99126;327;56;116;6
68;3;27;116;28;22;97;99314;296;38;117;6
68;3;27;116;28;22;97;99314;296;38;117;6
71;44;27;84;57;60;160;99257;316;36;118;6
71;44;27;84;57;60;160;99257;316;36;118;6
57;25;27;108;5;58;116;99592;31;5;98;6
73;25;27;38;47;16;79;99173;307;46;113;6
66;41;27;107;11;20;103;99672;308;41;9;6
66;41;27;107;11;20;103;99672;308;41;9;6
57;25;27;115;4;24;120;99411;333;31;108;6
59;27;27;9;51;43;136;9941;325;53;107;6
68;34;27;52;6;14;169;99252;327;57;116;6
67;41;27;26;33;25;85;99086;305;34;117;6
67;41;27;26;33;25;85;99086;305;34;117;6
62;24;27;168;4;48;129;99691;323;38;105;6
66;26;27;118;48;28;112;99606;287;49;97;6
61;24;27;115;5;51;133;99476;322;37;108;6
64;31;27;74;49;48;169;99323;327;45;111;6
62;24;27;29;39;30;123;98959;312;37;128;6
64;3;27;5;58;27;151;99198;322;49;122;6
69;44;27;5;38;33;166;99124;32;42;122;6
64;23;27;21;42;35;100;99094;303;63;109;6
64;3;27;44;55;17;135;9925;323;44;122;6
62;15;27;11;35;46;116;99602;312;38;91;6
58;29;27;16;62;17;140;99138;323;35;111;6
5;235;27;1175;3;34;118;9954;307;5;94;6
49;235;27;1175;3;34;118;9954;307;5;94;6
63;3;34;16;49;14;132;994;33;49;95;6
63;3;34;16;49;14;132;994;33;49;95;6
83;14;34;11;42;7;47;9934;347;4;102;6
72;21;34;119;43;37;213;9962;309;5;96;6
71;2;34;16;5;51;166;9985;321;6;92;6
68;26;34;139;34;39;134;9949;333;53;12;6
68;24;34;27;47;645;2185;9934;33;58;97;6
68;25;34;47;31;34;134;9927;321;38;106;6
68;25;34;47;31;34;134;9927;321;38;106;6
69;24;34;47;4;43;161;9935;32;59;106;6
72;35;34;124;51;6;37;9944;313;39;115;6
74;105;34;122;5;57;146;9973;316;37;9;6
67;19;34;1;22;22;94;9912;323;57;111;6
69;31;34;16;32;23;128;9917;337;47;117;6
7;21;34;85;33;31;253;9953;322;56;105;6
7;21;34;85;33;31;253;9953;322;56;105;6
73;32;34;66;32;24;112;99505;322;46;98;6
69;25;34;13;35;27;82;99045;318;44;122;6
6;28;34;16;119;33;104;9921;319;38;102;6
76;22;34;97;35;26;143;9965;308;49;98;6
76;22;34;97;35;26;143;9965;308;49;98;6
73;24;34;154;5;38;174;9983;303;42;9;6
73;24;34;154;5;38;174;9983;303;42;9;6
73;24;34;154;5;38;174;9983;303;42;9;6
57;36;34;42;26;21;77;9907;341;45;119;6
78;27;34;16;46;27;154;9927;305;45;105;6
69;23;34;4;47;24;128;9944;32;52;97;6
67;25;34;1285;48;30;161;9986;344;47;95;6
75;14;34;13;55;50;153;9945;329;8;96;6
75;14;34;13;55;50;153;9945;329;8;96;6
72;21;34;11;46;25;80;992;325;4;113;6
64;22;34;18;57;29;104;9959;381;57;103;6
7;2;34;57;35;32;83;9928;319;46;115;6
7;2;34;57;35;32;83;9928;319;46;115;6
88;39;34;59;55;33;128;9927;295;51;118;6
92;27;34;105;43;49;228;9974;304;41;104;6
92;27;34;105;43;49;228;9974;304;41;104;6
77;26;34;64;5;36;163;9937;319;7;115;6
89;21;34;71;37;33;150;9962;31;45;97;6
74;18;34;27;3;30;107;992;297;53;11;6
68;24;34;51;38;31;99;9921;324;46;118;6
7;24;34;3;35;36;102;9905;318;43;122;6
85;28;34;138;41;32;161;9981;313;4;99;6
85;28;34;138;41;32;161;9981;313;4;99;6
81;28;34;13;35;11;126;99232;314;5;98;6
76;2;34;18;41;42;148;99335;335;66;111;6
79;25;34;114;4;53;202;99708;311;57;96;6
81;25;34;101;5;30;121;99724;317;49;101;6
52;16;34;8;29;26;77;99155;325;51;101;6
66;32;34;77;44;63;212;99526;322;48;97;6
9;26;34;67;29;21;162;99497;308;5;106;6
9;26;34;67;29;21;162;99497;308;5;106;6
71;15;34;1;33;27;73;98974;324;41;122;6
67;33;34;66;67;35;156;99542;311;48;93;6
86;33;34;118;59;42;240;99882;317;52;10;6
67;16;34;16;26;27;109;9934;334;58;101;6
6;21;34;2;42;63;123;99052;344;42;114;6
76;27;34;5;4;18;56;99084;306;48;124;6
71;29;34;78;36;49;128;99397;321;4;107;6
71;29;34;78;36;49;128;99397;321;4;107;6
66;28;34;8;37;42;119;9888;303;37;125;6
7;45;34;198;4;12;67;9976;307;38;11;6
7;45;34;198;4;12;67;9976;307;38;11;6
7;26;34;109;38;25;84;99432;311;34;109;6
78;21;34;119;39;55;140;9959;302;31;103;6
66;16;34;11;37;41;115;9899;301;68;12;6
66;25;34;3;54;22;141;99338;326;47;104;6
68;17;34;2;4;38;111;99;324;45;129;6
68;19;34;19;4;41;108;99;325;45;129;6
68;17;34;2;4;38;111;99;324;45;129;6
76;37;34;32;28;42;162;9903;301;33;124;6
66;15;34;1;37;45;79;98949;296;5;117;6
65;19;34;16;29;39;116;98954;321;68;125;6
72;17;34;64;42;16;111;99278;299;4;108;6
72;17;34;64;42;16;111;99278;299;4;108;6
59;24;34;2;37;40;108;98948;319;5;123;6
63;28;34;81;38;44;129;99248;326;29;121;6
59;28;34;36;4;50;194;9912;331;52;116;6
61;31;34;28;42;595;162;99179;327;47;108;6
6;23;34;13;25;23;111;98961;336;37;127;6
6;23;34;13;25;23;111;98961;336;37;127;6
63;15;34;114;5;25;96;99754;321;49;10;6
83;22;34;11;43;20;116;9927;3;47;102;6
64;17;34;134;44;45;139;99752;306;43;91;6
6;24;34;1;36;52;184;99097;344;44;1145;6
51;26;34;64;34;26;99;99449;323;41;92;6
6;43;34;76;45;25;118;99222;303;37;11;6
7;31;26;74;69;28;160;9954;313;46;98;6
7;31;26;74;69;28;160;9954;313;46;98;6
6;19;26;124;48;50;147;9972;33;36;89;6
6;19;26;124;48;50;147;9972;33;36;89;6
69;32;26;83;53;32;180;9965;325;51;92;6
69;32;26;83;53;32;180;9965;325;51;92;6
62;31;26;48;37;36;148;9928;321;41;104;6
72;28;26;125;46;48;179;9975;31;52;9;6
78;19;26;89;39;42;182;996;318;46;99;6
61;31;26;22;51;28;167;9926;337;47;104;6
59;24;26;123;53;34;134;9972;334;45;95;6
78;42;26;92;58;34;199;9972;314;55;93;6
56;25;26;36;37;18;115;9904;342;5;126;6
6;39;26;27;38;39;187;99325;341;5;108;6
62;29;26;131;46;55;204;99745;316;41;96;6
62;3;26;134;46;57;206;99775;317;43;95;6
7;29;26;16;44;12;87;9923;308;46;105;6
58;36;26;33;38;40;153;9911;334;55;113;6
58;36;26;33;38;40;153;9911;334;55;113;6
65;28;26;88;4;44;139;9956;332;37;102;6
72;26;26;127;36;49;214;9986;341;5;10;6
79;255;26;2;26;40;190;9932;304;39;112;6
62;12;26;57;44;56;158;9951;352;37;105;6
59;19;26;74;34;33;123;995;349;42;101;6
66;23;26;13;45;16;128;9934;336;6;10;6
78;39;26;99;59;33;181;9955;304;42;109;6
78;4;26;95;59;32;178;9955;304;43;109;6
78;39;26;99;59;33;181;9955;304;42;109;6
85;21;26;925;34;73;142;9945;305;37;114;6
85;21;26;925;34;73;142;9945;305;37;114;6
71;18;26;13;41;20;71;9926;304;74;99;6
71;18;26;13;41;20;71;9926;304;74;99;6
65;19;26;52;4;31;140;995;326;68;95;6
7;22;26;11;37;20;71;9902;31;38;117;6
67;25;26;135;6;50;156;99784;339;46;99;6
7;23;26;72;41;21;90;99509;322;55;95;6
7;23;26;72;41;21;90;99509;322;55;95;6
81;24;26;11;43;41;211;99676;311;49;10;6
79;44;26;445;33;23;100;99117;317;52;127;6
7;16;26;73;47;30;220;99622;338;58;101;6
7;16;26;685;47;30;220;99622;338;58;101;6
65;27;26;82;42;21;133;99612;343;64;98;6
67;27;26;23;43;61;181;99394;345;63;106;6
63;2;26;16;27;36;141;99268;353;56;108;6
69;32;26;23;3;11;103;99106;306;42;111;6
69;32;26;23;3;11;103;99106;306;42;111;6
82;32;26;21;62;26;87;98974;31;47;128;6
58;13;26;51;39;19;103;99478;336;47;93;6
73;2;26;16;4;36;123;99238;334;44;108;6
6;44;26;31;53;57;128;98982;322;39;127;6
57;12;26;55;34;21;99;99324;309;57;99;6
65;29;26;7;4;18;113;99366;317;38;102;6
57;16;26;63;43;28;113;9936;306;58;99;6
6;2;26;11;33;38;67;98954;314;38;115;6
56;15;26;555;51;51;139;99336;347;5;11;6
78;22;26;9;47;38;132;997;325;53;102;6
67;38;26;955;36;35;91;9919;298;37;124;6
58;24;26;1005;39;63;162;99375;333;5;112;6
74;22;26;88;27;23;112;9931;298;41;114;6
7;34;26;103;41;51;166;99382;308;35;116;6
51;35;26;68;34;36;120;99188;338;4;115;6
51;35;26;68;34;36;120;99188;338;4;115;6
51;35;26;68;34;36;120;99188;338;4;115;6
62;27;26;121;46;43;127;9951;316;37;108;6
64;38;26;82;43;28;98;99234;299;31;114;6
58;27;26;35;71;26;69;98994;31;38;115;6
57;25;26;125;49;525;120;99691;308;45;94;6
57;25;26;125;49;525;106;99691;308;45;94;6
68;3;26;203;37;45;150;99727;304;38;123;6
68;26;26;2;19;235;72;99041;316;47;118;6
57;18;26;22;23;21;95;9893;307;54;123;6
67;11;26;148;53;44;95;99676;32;35;98;6
67;11;26;148;53;44;95;99676;32;35;98;6
6;2;26;68;49;22;93;9928;315;42;11;6
6;2;26;68;49;22;93;9928;315;42;11;6
6;2;26;68;49;22;93;9928;315;42;11;6
6;2;26;68;49;22;93;9928;315;42;11;6
7;24;26;17;41;31;110;99142;32;53;11;6
63;2;26;127;46;60;143;99526;326;35;108;6
68;43;26;52;43;40;176;99116;317;41;123;6
67;24;26;54;3;15;94;99045;315;38;127;6
66;18;26;173;51;17;149;9984;3;43;94;6
66;18;26;173;51;17;149;9984;3;43;94;6
52;38;26;77;53;20;103;9925;327;45;122;6
71;28;26;28;39;50;118;9908;306;59;112;6
64;55;26;96;27;20;104;9924;322;73;131;6
6;26;26;22;35;10;72;989465;311;48;1215;6
6;2;26;147;45;53;125;998365;299;69;94;6
6;27;26;13;38;32;138;99125;346;43;111;6
69;54;26;127;49;59;195;99596;326;54;105;6
66;17;26;74;52;45;128;99388;316;37;10;6
66;17;26;74;52;45;128;99388;316;37;10;6
58;38;26;11;58;20;140;99271;327;43;97;6
56;295;26;11;35;40;102;99154;347;56;106;6
82;23;49;9;57;15;73;9928;307;38;104;6
81;29;49;71;42;22;124;9944;314;41;108;6
62;18;49;45;47;17;90;9919;327;37;116;6
81;29;49;71;42;22;124;9944;314;41;108;6
68;22;49;9;52;26;128;991;325;35;114;6
72;22;49;1;45;34;140;99;305;34;127;6
7;18;49;53;4;34;125;9914;324;4;122;6
78;43;49;13;33;37;158;9955;314;35;113;6
69;19;49;66;36;49;172;9932;32;27;115;6
78;43;49;13;33;37;158;9955;314;35;113;6
78;43;49;13;33;37;158;9955;314;35;113;6
79;11;49;45;48;27;133;9946;324;42;106;6
64;145;49;54;48;54;164;9946;356;44;108;6
69;19;49;66;36;49;172;9932;32;27;115;6
78;43;49;13;33;37;158;9955;314;35;113;6
7;2;49;59;38;39;128;9938;321;48;108;6
72;8;49;13;5;18;148;9945;346;44;102;6
77;16;49;2;56;20;124;9948;332;49;107;6
72;8;49;13;5;18;148;9945;346;44;102;6
67;16;49;24;46;57;187;9952;362;81;104;6
62;15;49;9;33;17;51;9932;33;7;94;6
56;185;49;11;3;28;117;9918;355;45;103;6
77;27;49;18;41;23;86;9914;316;42;125;6
81;2;49;81;51;51;205;9954;31;52;11;6
68;21;49;145;6;50;170;9991;355;44;98;6
73;22;49;99;31;48;161;9937;301;28;112;6
73;155;49;13;39;34;136;9926;314;77;105;6
82;22;49;96;37;53;154;9951;302;33;106;6
82;24;49;93;38;52;163;9952;302;33;106;6
84;23;49;78;35;22;95;9935;304;34;12;6
83;2;49;17;38;38;167;9939;305;37;101;6
8;25;49;9;44;31;185;998;334;49;10;6
66;21;49;1815;42;41;158;9997;328;39;87;6
142;27;49;11;37;33;156;992;315;54;111;6
79;28;49;77;45;48;195;9954;304;55;11;6
74;27;49;11;37;33;156;992;315;54;111;6
66;21;49;1815;42;41;158;9997;328;39;87;6
73;26;49;5;28;32;107;9936;324;54;108;6
81;28;49;1;4;32;148;9936;313;41;10;6
6;17;49;1;34;26;106;992;321;42;98;6
73;26;49;5;28;32;107;9936;324;54;108;6
72;16;49;13;37;27;104;9924;323;57;106;6
73;14;49;11;38;28;99;9928;32;72;106;6
79;12;49;52;49;33;152;9952;318;47;106;6
67;29;49;47;34;35;156;9945;313;45;99;6
67;3;49;48;34;36;158;9945;312;45;99;6
79;18;49;52;51;36;157;9953;318;48;106;6
76;23;49;10;36;45;182;9967;308;58;96;6
79;18;49;52;51;36;157;9953;318;48;106;6
85;19;49;35;44;29;117;9938;314;51;101;6
74;3;49;82;55;49;188;9974;352;58;97;6
74;3;49;82;55;49;188;9974;352;58;97;6
69;22;49;7;63;50;168;9957;354;5;103;6
9;3;49;72;39;32;84;9938;294;32;115;6
64;12;49;64;42;49;161;9945;334;44;104;6
86;16;49;73;43;9;63;9953;313;59;105;6
7;29;49;38;47;37;136;9938;295;4;94;6
64;27;49;73;46;53;206;9956;324;43;92;6
64;27;49;73;46;53;206;9956;324;43;92;6
67;33;49;16;167;20;94;9914;311;5;114;6
7;29;49;38;47;37;136;9938;295;4;94;6
82;34;49;8;46;55;223;996;308;52;107;6
75;32;49;17;31;44;109;9906;307;46;125;6
75;32;49;17;31;44;109;9906;307;46;125;6
82;26;49;52;4;19;100;9941;312;34;101;6
75;19;49;16;47;42;140;9932;34;47;107;6
69;34;49;73;45;61;206;9957;309;4;9;6
62;2;49;16;65;17;143;9937;322;52;92;6
64;37;49;133;45;53;243;9982;314;48;85;6
65;44;49;77;45;16;169;9957;311;37;87;6
7;14;49;59;53;22;118;9954;336;36;94;6
64;26;49;64;37;37;161;9954;338;53;97;6
9;22;49;104;48;52;195;9987;331;44;102;6
82;2;49;35;57;14;108;9928;319;35;115;6
82;2;49;35;57;14;108;9928;319;35;115;6
83;25;49;168;48;50;228;1;303;52;92;6
64;22;49;75;54;42;151;9948;327;52;101;6
64;22;49;75;54;42;151;9948;327;52;101;6
78;4;49;78;6;34;162;9966;326;58;113;6
66;27;49;78;49;62;217;9959;317;45;94;6
67;26;49;83;47;54;191;9954;323;4;103;6
77;39;49;77;36;11;110;9966;333;76;10;6
62;3;49;112;58;68;215;99656;319;6;94;6
97;24;49;49;32;3;18;99368;285;54;10;6
97;24;49;49;32;3;18;99368;285;54;10;6
77;25;49;25;47;31;169;99252;307;57;106;6
77;27;49;38;37;46;139;99116;304;38;116;6
64;24;49;58;53;25;120;9942;301;98;105;6
64;24;49;58;53;25;120;9942;301;98;105;6
64;24;49;58;53;25;120;9942;301;98;105;6
64;24;49;58;53;25;120;9942;301;98;105;6
67;48;49;29;3;28;122;98926;313;4;13;6
67;48;49;29;3;28;122;98926;313;4;13;6
66;285;49;114;35;57;137;99732;308;54;89;6
66;285;49;114;35;57;137;99732;308;54;89;6
71;26;29;124;44;62;240;9969;304;42;92;6
67;13;29;53;51;31;122;9944;344;37;97;6
66;24;29;2;23;19;86;99;325;45;125;6
74;29;29;16;45;53;180;9936;334;68;105;6
82;23;29;18;47;47;187;9933;313;5;102;6
68;23;29;122;35;38;236;9976;335;52;98;6
8;29;29;132;46;26;113;9983;325;37;97;6
62;35;29;73;44;56;244;9956;336;55;10;6
62;34;29;76;47;45;232;9955;335;62;10;6
63;34;29;62;46;29;227;9952;329;53;101;6
78;3;29;1685;54;23;135;9998;316;38;9;6
78;3;29;1685;54;23;135;9998;316;38;9;6
78;3;29;1685;54;23;135;9998;316;38;9;6
78;3;29;1685;54;23;135;9998;316;38;9;6
68;25;29;2;42;19;189;9952;346;54;102;6
68;22;29;89;46;82;188;9955;33;44;103;6
63;26;29;22;43;35;175;9918;338;43;116;6
68;23;29;154;73;56;173;9984;306;41;87;6
68;23;29;154;73;56;173;9984;306;41;87;6
6;26;29;1;32;27;96;9896;338;44;123;6
66;35;29;144;44;54;177;9991;317;58;89;6
73;29;29;46;29;27;155;9931;307;26;106;6
73;18;29;1;36;26;101;99;309;37;117;6
77;28;29;69;41;29;163;9952;344;6;105;6
61;15;29;62;46;39;151;99471;36;44;106;6
61;15;29;62;46;39;151;99471;36;44;106;6
74;2;29;17;47;16;100;99243;328;45;106;6
75;38;29;127;5;25;209;9986;325;59;93;6
77;29;29;48;6;27;156;99572;349;59;103;6
75;23;29;26;31;24;98;99194;3;54;109;6
65;18;29;17;35;39;144;9927;349;5;105;6
61;16;29;6;3;29;144;99474;368;46;107;6
7;32;29;49;36;41;150;99168;338;43;122;6
7;22;29;89;5;24;90;99556;329;46;98;6
67;26;29;58;25;26;74;9929;328;53;11;6
65;24;29;82;43;32;156;99453;313;7;101;6
72;24;29;3;36;17;117;99411;336;68;101;6
72;24;29;3;36;17;117;99411;336;68;101;6
56;175;29;8;43;20;67;99112;328;48;99;6
71;32;29;4;38;33;170;99463;327;64;102;6
73;51;29;113;34;61;224;99683;314;56;95;6
66;23;29;1445;57;29;144;99756;333;54;102;6
8;17;29;24;29;52;119;98944;303;33;129;6
66;21;29;18;26;35;128;99183;337;48;112;6
8;17;29;24;29;52;119;98944;303;33;129;6
68;16;29;104;46;59;143;99518;32;4;108;6
52;28;29;11;28;18;69;99168;324;54;10;6
64;27;29;108;28;17;118;99356;318;37;112;6
6;17;29;5;28;25;108;99076;314;34;123;6
66;22;29;144;46;39;118;99834;305;5;91;6
66;22;29;144;46;39;118;99834;305;5;91;6
63;27;29;122;44;59;196;99782;314;4;88;6
62;19;29;43;45;33;126;99658;318;42;93;6
62;2;29;118;35;21;93;99364;318;34;119;6
69;38;29;1365;48;52;189;99784;3;6;95;6
69;38;29;1365;48;52;189;99784;3;6;95;6
69;38;29;1365;48;52;189;99784;3;6;95;6
69;38;29;1365;48;52;189;99784;3;6;95;6
63;19;29;55;42;44;189;99304;319;47;103;6
68;24;29;95;42;56;157;99586;311;51;101;6
82;34;29;52;76;19;92;99138;295;39;125;6
6;17;29;97;44;33;98;99536;312;36;92;6
76;23;29;86;53;65;146;9963;311;32;98;6
63;28;29;68;51;40;143;99374;343;59;11;6
63;24;29;137;35;53;134;99567;317;38;106;6
63;24;29;137;35;53;134;99567;317;38;106;6
74;25;29;68;2;31;113;99338;313;29;108;6
66;13;29;139;56;33;95;99702;317;39;94;6
7;15;29;164;58;45;110;9978;315;37;97;6
59;18;29;46;32;68;137;99159;321;38;113;6
67;26;29;77;38;40;179;99479;323;56;104;6
69;14;29;99;56;30;91;99512;319;33;99;6
72;21;29;31;44;39;122;99143;3;6;113;6
74;26;29;37;48;14;73;9915;306;45;114;6
61;17;29;11;41;32;92;99036;326;57;112;6
68;28;29;119;52;51;149;99544;302;58;104;6
68;28;29;119;52;51;149;99544;302;58;104;6
68;28;29;119;52;51;149;99544;302;58;104;6
68;26;29;119;52;54;160;99546;303;58;104;6
58;22;29;13;36;25;68;98865;324;35;126;6
56;23;29;31;23;19;89;99068;325;51;112;6
64;27;29;39;34;62;140;99237;31;59;111;6
57;22;29;35;4;27;146;98999;317;36;121;6
69;26;29;42;43;33;114;9902;316;31;125;6
62;26;29;2;36;16;87;99081;333;61;118;6
69;26;29;42;43;33;114;9902;316;31;125;6
67;26;29;71;36;28;100;99534;308;36;93;6
71;38;29;136;41;30;137;99461;302;96;121;6
66;38;29;29;35;15;101;98916;304;37;125;6
66;38;29;29;35;15;101;98916;304;37;125;6
47;145;29;1;42;35;90;9908;376;49;113;6
75;24;29;11;46;34;84;9902;304;39;1145;6
75;24;29;11;46;34;84;9902;304;39;1145;6
68;4;29;28;44;27;97;9904;312;42;112;6
67;53;29;43;69;20;114;99014;322;59;134;6
68;38;29;99;37;40;146;99326;311;37;115;6
59;26;29;54;46;34;116;99224;324;41;114;6
6;34;29;61;46;29;134;99462;348;57;107;6
6;34;29;61;46;29;134;99462;348;57;107;6
55;31;29;3;27;16;102;99067;323;56;112;6
61;34;29;22;36;25;100;98938;306;44;118;6
62;21;29;16;39;24;92;99114;327;5;112;6
72;23;32;85;58;47;186;9956;319;4;99;6
72;23;32;85;58;47;186;9956;319;4;99;6
7;25;32;9;46;56;245;9955;325;5;104;6
73;13;32;144;51;34;109;9974;32;35;92;6
64;25;32;55;49;41;176;995;319;68;92;6
64;17;32;24;48;41;200;9938;35;5;97;6
71;25;32;103;41;66;272;9969;317;52;91;6
64;17;32;24;48;41;200;9938;35;5;97;6
68;52;32;132;44;54;221;9972;327;5;96;6
64;24;32;149;47;54;162;9968;328;5;102;6
67;21;32;54;47;29;140;995;339;46;97;6
6;37;32;1;53;31;2185;9924;329;72;98;6
7;14;32;9;39;54;141;9956;322;43;94;6
68;23;32;16;26;43;147;9904;329;54;125;6
58;36;32;17;33;22;96;9898;303;38;112;6
65;26;32;165;45;44;166;1;338;46;95;6
77;3;32;16;37;23;124;9919;293;33;11;6
67;105;32;124;51;34;106;998;354;45;92;6
71;26;32;1445;74;29;107;998;296;42;92;6
71;26;32;1445;74;29;107;998;296;42;92;6
56;245;32;11;47;24;152;9927;312;42;93;6
75;23;32;92;38;54;191;9966;304;56;97;6
75;23;32;92;38;54;191;9966;304;56;97;6
68;15;32;88;58;24;110;9972;34;4;88;6
72;16;32;8;4;50;121;9922;327;33;10;6
71;26;32;59;37;39;97;9934;331;4;116;6
7;3;32;64;34;28;97;9924;323;44;118;6
7;27;32;68;47;47;193;9938;323;39;114;6
7;12;32;72;58;22;89;9966;329;38;92;6
8;22;32;104;43;63;201;997;311;53;95;6
75;33;32;111;36;25;119;9962;315;34;105;6
79;17;32;16;53;47;150;9948;329;76;96;6
79;17;32;16;53;47;150;9948;329;76;96;6
79;17;32;16;53;47;150;9948;329;76;96;6
64;2;32;31;41;18;126;9914;343;42;12;6
71;22;32;169;56;49;158;9998;337;38;96;6
71;22;32;169;56;49;158;9998;337;38;96;6
68;26;32;7;41;38;118;9939;325;52;108;6
82;21;32;1065;53;53;145;9972;317;48;102;6
64;18;32;96;52;24;90;9963;335;49;94;6
71;18;32;122;48;36;125;9967;292;54;94;6
71;18;32;122;48;36;125;9967;292;54;94;6
64;18;32;96;52;24;90;9963;335;49;94;6
7;22;32;16;45;40;120;9914;298;44;105;6
63;4;32;106;49;38;209;9981;347;59;93;6
71;34;32;2;51;29;130;99354;33;5;104;6
7;28;32;17;38;27;128;99375;32;62;102;6
8;28;32;76;45;61;204;99543;31;55;101;6
7;16;32;11;32;29;80;98972;323;36;121;6
75;25;32;82;24;53;209;99563;312;46;108;6
51;11;32;16;28;12;90;99008;357;52;122;6
65;15;32;13;36;19;76;98964;318;41;123;6
64;25;32;113;38;69;192;99573;314;5;102;6
6;26;32;38;29;48;180;99011;315;34;12;6
62;16;32;11;36;74;184;99096;322;41;11;6
62;16;32;11;36;74;184;99096;322;41;11;6
63;17;32;42;4;37;117;99182;324;43;113;6
63;17;32;42;4;37;117;99182;324;43;113;6
63;17;32;42;4;37;117;99182;324;43;113;6
69;19;32;79;42;30;130;99456;34;39;105;6
81;24;32;105;3;34;105;99407;311;42;118;6
56;32;32;83;43;32;105;99266;324;47;112;6
68;23;32;86;46;47;159;99452;308;52;105;6
64;22;32;49;46;50;156;99316;338;55;112;6
72;14;32;11;22;48;116;99218;304;67;10;6
67;13;32;37;17;32;99;99348;312;44;10;6
68;18;32;72;47;17;109;99498;342;44;104;6
78;19;32;74;15;47;124;99278;299;39;11;6
78;19;32;74;15;47;124;99278;299;39;11;6
78;2;32;5;16;31;101;99186;299;39;11;6
67;24;32;9;23;20;109;99262;334;35;126;6
67;24;32;9;23;20;109;99262;334;35;126;6
84;23;32;13;48;59;113;99178;31;55;11;6
62;27;32;63;48;47;159;99282;321;6;11;6
61;27;32;62;48;47;161;99281;322;6;11;6
62;27;32;63;48;47;159;99282;321;6;11;6
54;15;32;25;37;10;51;98878;304;58;126;6
68;22;32;59;54;40;152;9938;32;57;108;6
74;36;32;19;36;27;119;99196;315;49;112;6
76;26;32;13;48;23;76;9903;296;46;12;6
66;44;32;3;95;13;75;98954;31;63;128;6
68;29;32;18;32;18;130;99095;305;62;112;6
74;26;32;37;32;29;193;99134;31;67;125;6
66;25;32;56;39;15;68;99163;296;52;111;6
66;23;32;17;24;26;102;99084;329;6;118;6
8;33;32;46;41;31;180;99184;292;74;122;6
69;22;32;58;41;20;119;99296;317;55;112;6
69;22;32;58;41;20;119;99296;317;55;112;6
6;32;32;48;41;40;186;99235;322;54;11;6
63;19;32;28;46;18;80;99043;292;47;1105;6
67;32;32;17;31;31;114;98946;312;35;125;6
61;27;32;11;34;24;110;9898;336;4;125;6
61;27;32;11;34;24;110;9898;336;4;125;6
62;32;32;22;36;15;70;9899;316;48;127;6
7;23;32;18;48;25;113;9915;311;47;111;6
62;2;32;28;5;17;126;9936;318;55;94;6
65;29;32;3;36;38;93;9906;316;59;12;6
65;25;32;99;45;41;128;99636;318;52;96;6
65;33;32;1;41;39;120;99004;306;37;122;6
67;16;32;125;35;18;156;99666;288;36;9;6
67;16;32;125;35;18;156;99666;288;36;9;6
67;16;32;125;35;18;156;99666;288;36;9;6
67;16;32;125;35;18;156;99666;288;36;9;6
67;16;32;125;35;18;156;99666;288;36;9;6
67;15;32;79;34;17;81;99512;329;31;10;6
67;15;32;79;34;17;81;99512;329;31;10;6
6;27;32;36;35;36;133;99215;323;46;108;6
59;27;32;2;34;31;102;98952;316;56;123;6
6;31;32;74;175;47;159;9952;319;5;94;6
57;21;32;16;3;33;122;99044;333;52;119;6
57;21;32;9;38;38;121;99074;324;46;106;6
69;19;28;5;58;14;146;9952;329;36;91;6
66;28;28;85;52;55;211;9962;309;55;89;6
75;35;28;96;51;26;157;9969;312;53;92;6
74;31;28;16;5;33;137;9929;331;56;105;6
7;21;28;87;45;37;222;9954;325;54;104;6
7;21;28;86;45;37;221;9954;325;54;104;6
7;21;28;86;45;37;221;9954;325;54;104;6
7;21;28;87;45;37;222;9954;325;54;104;6
7;21;28;86;45;37;221;9954;325;54;104;6
7;22;28;15;37;29;115;9927;311;55;105;6
66;34;28;13;35;32;90;9916;31;42;107;6
63;19;28;18;22;28;158;9907;32;64;114;6
59;62;28;35;39;55;152;9907;344;44;12;6
59;13;28;19;5;20;78;9918;343;64;108;6
61;17;28;45;33;46;150;9933;343;49;109;6
64;33;28;11;38;30;110;9917;312;42;105;6
63;3;28;5;42;36;168;99505;322;69;95;6
77;34;28;11;4;31;117;99815;327;29;92;6
77;34;28;11;4;31;117;99815;327;29;92;6
77;34;28;11;4;31;117;99815;327;29;92;6
68;18;28;87;47;52;242;9952;322;53;105;6
68;18;28;85;47;52;242;9952;322;53;105;6
65;26;28;125;46;80;225;99685;318;41;10;6
65;34;28;18;41;43;188;9928;313;37;96;6
66;18;28;33;44;18;91;993;342;64;108;6
79;14;28;18;41;44;178;9954;345;43;92;6
71;19;28;36;33;16;78;993;291;78;114;6
64;16;28;22;42;33;93;9914;331;43;111;6
8;3;28;57;44;31;124;9948;316;51;102;6
69;19;28;3;54;33;99;9924;316;4;108;6
8;22;28;14;53;83;197;9981;314;45;98;6
8;22;28;14;53;83;197;9981;314;45;98;6
78;2;28;102;54;78;186;997;314;46;10;6
69;37;28;138;31;34;137;9948;31;37;116;6
68;27;28;133;76;50;163;9979;303;38;86;6
63;21;28;15;51;46;142;9928;323;42;101;6
63;21;28;15;51;46;142;9928;323;42;101;6
66;22;28;49;42;51;180;9952;33;75;95;6
66;22;28;49;42;51;180;9952;33;75;95;6
62;25;28;85;35;28;108;99486;34;42;104;6
86;17;28;27;47;38;150;99365;31;56;108;6
65;21;28;14;46;26;66;99199;343;48;111;6
8;26;28;82;38;72;202;99566;312;56;10;6
81;34;28;75;4;70;230;99558;314;55;98;6
81;34;28;75;4;70;230;99558;314;55;98;6
8;26;28;48;5;34;150;99437;313;5;10;6
72;2;28;16;28;13;168;99203;317;106;115;6
85;3;28;31;54;54;174;99543;321;43;94;6
69;13;28;133;5;47;132;99655;334;42;101;6
76;18;28;71;41;29;110;99652;32;42;92;6
76;18;28;71;41;29;110;99652;32;42;92;6
57;23;28;965;25;26;121;9925;328;38;113;6
78;25;28;72;4;46;179;99541;314;6;101;6
65;35;28;124;51;86;213;9962;316;51;99;6
71;29;28;93;48;50;141;9949;313;49;103;6
65;35;28;124;51;86;213;9962;316;51;99;6
8;23;28;27;48;49;165;9952;326;72;95;6
64;21;28;59;47;29;101;99278;315;4;11;6
64;21;28;59;47;29;101;99278;315;4;11;6
57;28;28;22;19;15;65;9902;306;52;112;6
51;29;28;83;26;27;107;99308;336;37;11;6
51;29;28;83;26;27;107;99308;336;37;11;6
57;15;28;37;45;57;151;9913;322;27;112;6
57;15;28;37;45;57;151;9913;322;27;112;6
73;25;28;15;43;19;113;99338;338;56;101;6
66;24;28;67;32;26;91;99172;313;32;123;6
64;35;28;126;39;19;124;99539;32;43;106;6
72;27;28;152;46;6;41;99665;317;39;109;6
72;27;28;152;46;6;41;99665;317;39;109;6
72;22;28;72;6;41;132;9935;308;59;113;6
6;22;28;11;34;47;90;98862;322;38;126;6
67;36;28;83;34;29;81;99151;296;39;125;6
65;43;28;1125;32;31;87;9922;302;38;124;6
68;2;28;126;48;54;136;99556;319;37;107;6
67;36;28;83;34;29;81;99151;296;39;125;6
65;43;28;1125;32;31;87;9922;302;38;124;6
72;22;28;72;6;41;132;9935;308;59;113;6
6;22;28;11;34;47;90;98862;322;38;126;6
66;18;28;17;41;53;161;99207;313;45;102;6
66;18;28;17;41;53;161;99207;313;45;102;6
74;29;28;102;32;43;138;9951;31;47;106;6
58;18;28;13;34;9;94;99092;321;52;112;6
65;24;28;11;34;26;83;98928;325;33;123;6
75;33;28;49;42;21;155;99385;336;57;109;6
79;35;28;129;32;13;63;9932;299;43;13;6
89;27;28;8;24;29;128;98984;301;35;124;6
72;24;28;19;32;30;92;9914;31;39;109;6
81;2;28;9;23;49;87;99062;292;36;111;6
81;2;28;9;23;49;87;99062;292;36;111;6
66;64;28;44;32;19;78;99036;311;62;129;6
66;64;28;44;32;19;78;99036;311;62;129;6
76;38;28;42;29;7;112;9906;3;41;126;6
76;38;28;42;29;7;112;9906;3;41;126;6
66;19;28;118;42;54;137;99492;318;37;108;6
59;18;28;51;39;50;139;99165;316;44;113;6
66;26;28;94;28;13;121;99254;317;34;121;6
61;27;28;98;42;61;125;99532;314;42;102;6
65;33;28;61;18;41;103;99122;324;32;122;6
65;33;28;61;18;41;103;99122;324;32;122;6
69;28;28;122;42;52;139;99522;303;56;104;6
7;33;28;57;33;39;204;99176;317;64;125;6
66;31;28;14;35;28;107;98836;3;4;132;6
62;3;28;16;36;28;106;988245;314;41;133;6
62;24;28;122;49;54;133;9952;319;37;107;6
54;265;28;78;52;27;91;99432;319;38;104;6
59;23;28;86;46;37;142;99432;323;53;106;6
64;14;28;79;57;21;82;99425;326;36;10;6
64;14;28;79;57;21;82;99425;326;36;10;6
68;27;28;78;38;26;89;9915;324;34;125;6
61;25;28;10;55;56;131;994;322;35;109;6
66;39;28;92;36;10;92;99206;307;35;121;6
59;2;28;1;43;45;100;99033;34;41;114;6
64;31;28;25;39;34;137;98946;322;38;127;6
64;31;28;25;39;34;137;98946;322;38;127;6
59;29;28;32;35;16;117;98959;326;42;126;6
65;3;28;1145;41;29;109;99418;298;3;109;6
61;26;28;17;43;24;98;98918;314;44;125;6
64;18;28;1705;47;53;139;99724;325;35;105;6
62;22;28;22;4;24;125;9917;319;48;105;6
62;22;28;22;4;24;125;9917;319;48;105;6
62;22;28;22;4;24;125;9917;319;48;105;6
66;38;28;28;43;17;67;98924;321;47;132;6
67;28;28;45;51;14;92;99224;336;58;119;6
62;2;28;11;39;24;78;9899;336;47;121;6
64;13;28;9;45;32;87;99175;347;52;112;6
66;19;28;11;44;38;100;9904;322;69;112;6
72;33;28;14;34;26;109;99246;328;57;106;6
64;28;28;3;4;19;98;99216;325;47;111;6
6;25;28;77;53;37;132;99489;306;5;94;6
6;25;28;77;53;37;132;99489;306;5;94;6
73;22;3;82;47;42;207;9966;333;46;95;6
69;25;3;41;54;23;116;994;299;38;94;6
69;25;3;41;54;23;116;994;299;38;94;6
65;19;3;8;43;33;144;9936;342;39;91;6
63;23;3;18;33;16;91;9906;328;4;118;6
63;23;3;18;33;16;91;9906;328;4;118;6
55;335;3;25;71;27;128;9924;314;51;96;6
68;15;3;53;5;40;127;9942;34;39;97;6
64;3;3;225;38;8;210;9937;32;62;99;6
82;22;3;18;47;47;185;9933;313;5;102;6
74;26;3;79;49;38;157;9963;313;48;89;6
74;19;3;14;57;33;135;993;312;5;96;6
67;31;3;21;38;18;130;9928;336;63;106;6
72;28;3;107;44;61;222;9972;314;5;91;6
66;25;3;144;52;40;183;998;302;5;91;6
64;25;3;55;38;15;129;9948;314;49;96;6
66;25;3;144;52;40;183;998;302;5;91;6
64;25;3;55;38;15;129;9948;314;49;96;6
58;2;3;15;31;21;57;99115;344;55;11;6
59;31;3;77;47;60;206;995;32;39;96;6
66;13;3;49;58;47;131;9946;351;45;103;6
74;28;3;53;54;44;161;9941;312;48;103;6
74;3;3;52;53;45;163;9941;312;45;103;6
8;24;3;1745;56;43;184;9997;305;5;92;6
6;4;3;16;47;30;117;9931;317;48;101;6
64;26;3;22;25;33;134;992;321;47;106;6
71;21;3;14;37;45;143;9932;313;33;99;6
73;29;3;13;43;46;238;9986;306;41;87;6
77;39;3;52;37;29;131;9943;338;44;11;6
64;23;3;71;37;63;236;9952;306;34;92;6
66;27;3;19;25;14;153;9928;329;62;105;6
66;16;3;16;34;15;78;992;338;44;112;6
62;17;3;11;37;14;79;993;35;54;103;6
51;31;3;9;37;28;152;992;354;56;101;6
57;135;3;46;42;19;101;9946;331;42;93;6
58;17;3;14;37;55;130;9909;329;38;113;6
63;31;3;10;46;49;212;9962;374;55;119;6
7;24;3;42;4;41;213;9927;328;49;118;6
69;18;3;2;38;39;190;9914;332;37;122;6
7;24;3;42;4;41;213;9927;328;49;118;6
67;26;3;18;43;25;121;9944;344;61;102;6
7;13;3;5;56;31;122;9945;347;42;105;6
92;23;3;11;31;40;99;9929;294;3;104;6
69;16;3;96;57;50;185;9978;339;38;96;6
69;16;3;96;57;50;185;9978;339;38;96;6
74;18;3;104;45;44;174;9966;311;57;97;6
73;21;3;109;37;18;112;997;34;5;96;6
64;21;3;56;44;43;160;9949;36;41;106;6
71;25;3;24;42;25;122;994;343;61;105;6
8;19;3;2;53;48;140;994;318;49;96;6
83;23;3;21;49;21;153;9953;309;5;96;6
68;43;3;35;33;27;135;9906;3;37;12;6
81;26;3;78;49;39;152;9954;299;58;10;6
74;21;3;81;47;13;114;9941;312;35;105;6
73;34;3;13;57;25;173;9948;326;51;91;6
59;17;3;14;42;25;119;9931;368;72;105;6
87;15;3;16;46;29;130;9942;322;38;98;6
72;115;3;68;56;26;105;9954;344;4;96;6
63;2;3;59;34;35;152;99642;347;4;85;6
74;14;3;13;33;25;91;99268;353;39;106;6
8;2;3;81;37;42;130;99379;31;67;118;6
72;3;3;81;5;40;188;99652;315;49;91;6
74;34;3;149;37;70;169;99698;325;37;104;6
72;2;3;2;39;43;188;9911;33;41;12;6
72;2;3;2;39;43;188;9911;33;41;12;6
66;24;3;13;52;18;143;99825;337;49;94;6
69;32;3;18;36;28;117;99269;324;48;11;6
71;2;3;9;19;4;28;98931;32;36;12;6
71;2;3;9;19;4;28;98931;32;36;12;6
7;34;3;18;45;44;142;9914;299;45;108;6
71;43;3;66;25;15;138;99126;318;46;126;6
79;16;3;74;5;58;152;99612;312;37;95;6
79;16;3;74;5;58;152;99612;312;37;95;6
66;17;3;11;31;13;73;99095;317;58;11;6
73;26;3;93;5;35;154;99581;321;5;104;6
57;37;3;11;29;24;88;98883;318;39;117;6
69;4;3;106;33;24;87;99265;315;45;128;6
69;2;3;47;41;40;148;9932;316;35;102;6
62;18;3;1;31;23;73;99032;323;52;113;6
64;12;3;11;31;37;94;98986;301;56;117;6
66;23;3;149;51;33;118;99835;304;54;9;6
66;23;3;149;51;33;118;99835;304;54;9;6
67;2;3;14;25;17;76;99104;311;44;11;6
66;23;3;149;51;33;118;99835;304;54;9;6
69;3;3;1055;37;4;28;99184;307;32;127;6
72;32;3;825;2;14;104;99362;299;44;114;6
59;34;3;38;35;57;135;99016;309;34;12;6
72;32;3;825;2;14;104;99362;299;44;114;6
84;22;3;89;24;17;118;99456;299;34;105;6
6;27;3;147;44;15;144;99666;312;53;103;6
57;2;3;25;46;38;125;99276;334;5;99;6
65;32;3;23;51;20;127;98964;313;52;128;6
69;17;3;2;47;13;117;99152;316;51;116;6
68;23;3;695;44;42;179;9946;325;56;106;6
69;29;3;82;26;35;112;99144;3;37;123;6
8;28;3;84;3;35;115;99192;293;42;123;6
71;32;3;99;41;63;192;99642;312;49;102;6
73;34;3;94;57;34;178;99554;315;44;104;6
56;34;3;69;38;23;89;99266;325;49;111;6
66;22;3;147;45;50;136;99704;314;37;106;6
77;24;3;14;41;15;102;9929;326;53;104;6
68;12;3;129;49;32;88;99654;32;35;99;6
68;22;3;106;7;67;194;99654;289;42;9;6
76;27;3;92;18;23;96;9938;308;29;11;6
68;25;3;118;43;53;133;99524;303;58;104;6
83;18;3;11;33;20;57;99109;302;51;11;6
83;18;3;11;33;20;57;99109;302;51;11;6
61;21;3;63;39;47;136;99068;327;31;127;6
7;24;3;123;35;72;172;9954;299;57;104;6
71;37;3;62;4;49;139;99021;317;27;136;6
71;37;3;62;4;49;139;99021;317;27;136;6
73;27;3;13;4;26;84;99222;328;53;107;6
7;16;3;26;43;34;90;99047;288;47;112;6
7;16;3;26;43;34;90;99047;288;47;112;6
64;17;3;28;34;33;125;99152;303;49;104;6
64;17;3;28;34;33;125;99152;303;49;104;6
61;28;3;775;31;33;139;99296;322;46;11;6
67;24;3;102;7;44;179;99666;286;46;89;6
7;22;3;14;4;14;63;98985;32;33;12;6
63;22;3;2;5;23;120;99204;324;47;104;6
66;21;3;99;41;64;174;995;307;5;101;6
63;28;3;66;208;60;154;99478;31;4;94;6
64;27;3;16;4;19;86;99089;332;65;115;6
65;29;3;915;51;25;166;99339;324;56;1135;6
68;33;3;21;47;35;147;9886;324;56;134;6
71;9;3;62;32;24;134;993;299;39;109;6
58;28;3;39;26;36;105;98963;326;58;1275;6
58;28;3;39;26;36;105;98963;326;58;1275;6
57;28;3;39;26;36;105;98963;326;58;1275;6
64;33;3;72;41;42;168;99331;322;49;111;6
67;45;3;53;36;27;165;99122;312;46;122;6
58;42;3;22;35;26;129;989;332;47;129;6
71;39;3;99;37;29;124;99414;307;42;109;6
66;28;3;129;33;31;177;99479;312;39;112;6
66;4;3;53;38;20;125;99204;336;73;126;6
68;27;3;13;47;69;160;99705;316;5;96;6
68;27;3;13;47;69;160;99705;316;5;96;6
68;27;3;13;47;69;160;99705;316;5;96;6
68;27;3;13;47;69;160;99705;316;5;96;6
6;17;3;73;39;39;104;99252;291;57;11;6
51;3;3;23;48;40;150;98944;329;46;122;6
59;22;3;13;52;42;86;99069;331;47;1155;6
81;27;41;145;33;11;63;9908;299;56;12;5
86;23;4;42;35;17;109;9947;314;53;97;5
79;18;37;12;4;16;75;992;318;63;108;5
83;42;62;1925;4;41;172;1;298;67;97;5
76;67;14;15;74;25;168;9937;305;51;93;5
58;27;2;1495;44;22;179;9962;337;37;102;5
73;28;43;17;8;21;123;9905;319;42;128;5
65;39;23;54;51;25;149;9934;324;35;10;5
73;24;39;1795;57;45;149;9999;321;36;86;5
73;24;39;1795;57;45;149;9999;321;36;86;5
62;46;25;44;66;62;207;9939;325;52;98;5
69;19;35;5;67;32;150;995;336;48;98;5
7;47;7;11;35;17;151;991;302;34;105;5
62;35;3;12;64;29;120;9934;322;54;91;5
67;25;13;12;41;81;174;992;314;42;98;5
6;27;28;48;63;31;201;9964;369;71;10;5
74;18;3;88;64;26;103;9961;294;56;93;5
67;54;28;54;6;21;105;9949;327;37;9;5
71;34;2;61;63;47;164;9946;317;42;10;5
71;43;61;118;45;54;155;9974;311;45;87;5
71;43;61;118;45;54;155;9974;311;45;87;5
61;27;43;75;49;65;243;9957;312;47;9;5
74;25;37;135;6;52;192;9975;3;44;91;5
75;305;4;189;59;44;170;1;299;46;9;5
74;25;37;135;6;52;192;9975;3;44;91;5
69;33;28;13;51;37;187;9927;327;6;103;5
72;27;46;1875;52;45;255;1;304;52;89;5
67;41;34;92;49;29;150;9968;322;51;91;5
67;41;34;92;49;29;150;9968;322;51;91;5
59;36;4;57;46;21;87;9934;322;51;102;5
78;24;32;122;54;42;138;9984;301;54;88;5
74;16;31;685;59;31;131;9952;329;34;97;5
74;39;23;7;33;29;126;994;314;42;105;5
57;26;25;104;2;7;57;994;339;37;106;5
65;425;4;131;38;59;241;9979;323;57;9;5
68;27;22;81;34;55;203;9961;319;52;89;5
67;27;31;157;36;44;179;9979;326;56;96;5
71;37;67;105;45;49;155;9975;316;44;87;5
63;31;34;22;45;20;77;9927;33;43;102;5
71;37;67;105;45;49;155;9975;316;44;87;5
72;18;41;12;48;41;97;9919;314;45;104;5
64;22;56;145;55;27;159;998;298;4;91;5
63;36;3;48;49;14;85;9932;328;39;106;5
7;23;36;13;51;72;177;9972;316;49;98;5
75;29;31;895;55;20;151;9968;308;54;93;5
98;42;48;985;34;5;110;9958;287;29;10;5
75;27;31;177;51;33;173;999;309;64;102;5
68;28;4;22;48;48;167;1;293;5;87;5
68;26;56;119;43;64;226;997;302;63;93;5
68;29;56;119;43;66;230;9972;302;63;93;5
59;3;23;42;38;42;119;9924;315;5;11;5
68;28;4;22;48;48;167;1;293;5;87;5
66;15;34;51;55;34;125;9942;336;42;96;5
64;29;44;36;2;75;181;9942;302;41;91;5
64;29;44;36;197;75;183;9942;301;38;91;5
68;26;24;78;52;54;214;9961;313;47;89;5
71;32;24;131;5;52;204;998;31;49;88;5
68;26;24;78;52;54;214;9961;313;47;89;5
68;27;26;161;49;55;196;9984;315;5;93;5
71;32;24;131;5;52;204;998;31;49;88;5
69;54;32;132;5;53;236;9973;32;5;96;5
64;21;5;116;42;45;153;9972;315;43;88;5
68;57;29;22;4;15;77;9938;332;74;102;5
56;245;25;97;32;12;68;994;331;34;105;5
75;27;36;7;36;45;164;9939;303;33;11;5
75;23;36;7;36;43;161;9938;304;32;11;5
75;27;36;7;36;45;164;9939;303;33;11;5
71;24;41;178;46;39;145;9998;332;39;87;5
71;24;41;178;46;39;145;9998;332;39;87;5
73;32;23;137;5;49;197;9985;32;46;87;5
77;31;26;78;31;23;90;9944;313;5;104;5
69;4;56;112;43;40;142;9975;314;46;87;5
61;41;14;104;37;18;119;996;338;45;10;5
69;4;56;112;43;40;142;9975;314;46;87;5
69;29;4;1945;43;36;156;9996;293;47;89;5
69;28;4;82;36;15;95;9944;317;33;102;5
69;29;4;1945;43;36;156;9996;293;47;89;5
53;58;7;69;43;34;149;9944;334;57;97;5
52;6;7;7;44;33;147;9944;333;58;97;5
58;25;26;131;51;44;148;9972;329;38;93;5
66;58;3;51;57;30;123;9949;324;38;9;5
77;26;4;11;42;9;60;9915;289;5;106;5
67;34;3;156;54;51;196;9982;319;49;93;5
71;35;24;154;55;46;198;9988;312;49;88;5
73;32;25;72;56;47;180;9961;308;47;88;5
74;28;42;198;66;53;195;1;296;44;91;5
72;43;24;67;58;40;163;995;32;41;99;5
58;34;21;66;4;50;167;9941;329;62;10;5
66;24;35;77;31;36;135;9938;319;37;105;5
66;24;35;77;31;36;135;9938;319;37;105;5
83;41;51;2;46;11;207;993;302;55;114;5
72;21;41;13;36;33;85;992;317;51;104;5
68;24;34;46;32;37;135;9927;32;39;106;5
65;28;34;99;38;30;133;9954;311;44;98;5
56;26;26;57;31;12;80;9923;325;38;108;5
59;26;4;13;47;12;139;9945;345;53;104;5
54;31;47;3;53;46;144;9931;329;76;10;5
76;17;45;112;54;56;137;997;315;47;10;5
71;365;14;12;55;24;84;9941;315;43;89;5
71;39;35;125;44;26;72;9941;317;29;116;5
66;905;19;8;48;17;204;9934;334;56;10;5
63;39;35;59;4;825;260;9941;312;66;101;5
65;36;32;11;31;13;66;9916;31;46;106;5
68;37;51;118;44;62;163;9976;319;44;88;5
68;27;12;13;4;87;168;992;318;41;10;5
82;28;42;18;31;30;93;9917;309;39;114;5
68;37;51;118;44;62;163;9976;319;44;88;5
71;27;31;182;46;55;252;1;307;56;87;5
68;27;12;13;4;87;168;992;318;41;10;5
82;28;42;18;31;30;93;9917;309;39;114;5
72;19;39;12;36;32;85;9918;316;5;105;5
72;19;39;12;36;32;85;9918;316;5;105;5
68;26;22;77;47;57;210;9959;31;47;9;5
78;21;27;12;51;20;89;9936;306;46;91;5
71;31;47;136;56;54;197;9978;31;49;93;5
64;34;1;11;48;19;84;9927;321;38;98;5
61;28;32;25;42;23;2185;9935;327;6;98;5
58;28;27;26;54;30;156;9914;353;42;124;5
72;6;2;99;7;21;174;9971;303;54;91;5
61;2;25;12;38;34;128;9921;324;44;101;5
61;43;35;91;59;83;249;9971;337;5;85;5
7;25;29;152;47;40;171;9982;322;45;93;5
72;39;62;11;47;66;178;9976;316;5;87;5
63;21;58;10;81;34;126;9962;295;46;89;5
72;39;62;11;47;66;178;9976;316;5;87;5
72;29;53;1815;47;59;182;9992;309;52;96;5
65;38;34;34;36;34;200;9937;314;76;10;5
62;37;3;66;346;79;200;9954;329;58;96;5
57;335;34;1;4;13;174;992;327;66;10;5
65;3;29;225;37;8;210;9937;319;62;99;5
73;51;26;33;9;7;135;9944;301;52;88;5
68;18;37;16;55;47;154;9934;308;45;91;5
72;34;34;126;48;7;41;9942;319;4;117;5
79;19;26;21;39;8;143;9942;305;74;98;5
79;19;26;21;39;8;143;9942;305;74;98;5
56;35;37;1;38;6;72;9902;337;34;114;5
64;18;48;4;186;64;150;9945;306;4;93;5
79;345;51;153;47;54;171;9987;309;51;91;5
79;345;51;153;47;54;171;9987;309;51;91;5
61;24;3;15;45;22;61;992;331;54;104;5
72;46;65;104;5;76;192;9976;316;42;87;5
72;46;65;104;5;76;192;9976;316;42;87;5
59;37;1;16;57;39;128;9924;324;48;101;5
68;51;3;42;66;38;165;9945;32;42;91;5
6;26;5;22;48;59;153;9928;308;61;98;5
74;41;66;108;51;77;194;9976;305;46;87;5
67;34;54;163;47;44;181;9987;304;56;88;5
74;41;66;108;51;77;194;9976;305;46;87;5
71;31;5;145;59;6;148;9983;294;44;91;5
64;45;7;11;3;10;131;9905;297;28;108;5
64;475;6;1;3;9;131;9904;297;29;108;5
64;45;7;11;3;10;131;9905;297;28;108;5
64;475;6;1;3;9;131;9904;297;29;108;5
73;25;29;75;49;38;158;9965;343;38;96;5
73;25;29;75;49;38;158;9965;343;38;96;5
75;23;68;11;47;37;133;9978;299;38;88;5
75;21;68;109;45;38;133;9978;3;36;87;5
75;21;68;109;45;38;133;9978;3;36;87;5
75;23;68;11;47;37;133;9978;299;38;88;5
65;46;41;168;84;59;222;9993;318;58;9;5
65;26;43;89;83;50;171;9965;285;5;9;5
72;24;34;11;45;3;64;9913;323;51;114;5
6;36;6;14;66;27;128;9934;326;55;93;5
7;23;42;1805;5;35;144;9999;322;42;88;5
7;23;42;1805;5;35;144;9999;322;42;88;5
56;35;14;5;46;48;198;9937;33;71;103;5
58;335;14;58;46;49;197;9937;33;71;103;5
63;26;25;78;58;44;166;9961;324;41;9;5
6;32;12;59;41;34;190;9944;316;72;10;5
73;34;21;32;5;14;136;9936;325;44;102;5
66;27;25;31;52;41;188;9915;324;4;113;5
64;24;5;116;47;60;211;9966;318;57;93;5
67;28;14;14;43;64;159;992;317;39;10;5
68;34;69;13;58;12;171;9931;306;47;97;5
81;46;31;17;52;50;183;9923;303;42;112;5
62;36;26;132;51;54;201;9976;325;46;9;5
6;36;16;63;36;36;191;9942;317;62;98;5
59;37;14;63;36;34;185;9944;317;63;98;5
84;4;7;131;42;29;197;998;306;64;97;5
86;27;46;61;32;13;41;993;289;34;109;5
62;31;21;63;41;50;218;9941;315;6;10;5
64;31;39;75;4;57;213;99475;332;43;10;5
7;27;41;1875;42;34;157;1;296;5;91;5
66;29;44;9;53;62;178;99685;302;45;89;5
6;3;44;15;46;15;182;99455;35;52;104;5
64;39;21;12;41;35;136;99225;315;46;102;5
64;16;31;53;43;42;157;99455;335;47;105;5
74;38;27;75;41;24;160;99535;317;43;10;5
59;35;47;22;11;14;138;9932;309;5;91;5
72;23;19;137;52;47;197;99865;312;53;9;5
72;23;19;137;52;47;197;99865;312;53;9;5
64;46;8;49;46;34;144;99445;31;56;10;5
74;32;27;14;49;38;173;99335;303;52;93;5
72;31;26;73;5;37;157;99625;309;43;9;5
6;28;49;68;48;61;222;9953;319;47;93;5
68;39;35;116;44;57;220;99775;307;53;93;5
64;31;26;132;46;57;205;9975;317;41;96;5
6;28;49;68;48;61;222;9953;319;47;93;5
62;3;17;28;4;24;125;9939;301;46;9;5
84;18;42;51;36;7;77;9939;316;52;117;5
66;56;22;89;34;27;133;99675;32;51;91;5
62;3;17;28;4;24;125;9939;301;46;9;5
66;56;22;89;34;27;133;99675;32;51;91;5
84;18;42;51;36;7;77;9939;316;52;117;5
66;22;37;154;35;62;153;99845;302;4;93;5
92;34;27;12;26;17;73;9921;308;39;108;5
77;34;58;111;39;41;151;9978;306;49;86;5
48;33;0;65;28;34;163;9937;335;61;99;5
77;34;58;111;39;41;151;9978;306;49;86;5
77;15;29;13;29;10;64;9932;335;39;101;5
61;28;35;128;48;63;229;9975;308;4;89;5
75;24;31;13;49;46;217;9985;308;53;88;5
63;33;2;58;4;24;144;99425;315;63;99;5
62;33;19;56;42;22;143;99425;315;63;99;5
63;34;19;58;41;22;145;9943;315;63;99;5
63;27;23;29;47;13;100;9936;328;43;98;5
54;595;1;28;42;26;80;9932;336;38;93;5
65;25;35;12;55;47;179;998;358;47;10;5
61;36;58;15;44;42;115;9978;315;51;9;5
64;26;43;126;33;64;230;9974;308;38;89;5
59;29;33;74;37;58;205;99495;326;41;96;5
62;28;43;13;39;64;233;99745;308;38;89;5
61;27;44;67;41;61;230;99505;312;4;89;5
64;43;32;14;48;10;67;992;308;41;114;5
61;36;58;15;44;42;115;9978;315;51;9;5
62;34;28;75;34;40;197;99485;314;6;97;5
82;345;1;182;47;55;205;99965;296;43;96;5
85;16;35;16;39;24;147;9935;296;36;10;5
73;25;39;64;34;8;84;9942;318;46;115;5
82;23;37;13;42;39;117;9928;299;36;10;5
83;23;43;32;35;14;101;9928;315;36;115;5
65;14;33;76;5;53;189;9966;325;49;86;5
6;2;71;16;15;10;54;9927;312;47;98;5
69;19;33;16;43;63;149;9925;344;52;108;5
69;19;33;16;43;63;149;9925;344;52;108;5
65;25;27;152;49;75;217;9972;319;39;99;5
6;26;34;13;46;6;29;9924;329;63;104;5
51;52;6;27;52;30;79;9932;332;43;93;5
61;16;27;126;64;63;162;9994;366;43;89;5
76;39;22;28;36;19;113;9926;303;29;102;5
75;17;37;15;6;18;75;9936;354;88;107;5
71;47;24;6;44;11;77;9956;321;56;97;5
75;17;34;14;35;13;102;9918;305;74;11;5
77;275;3;1;39;19;75;992;301;56;107;5
75;33;48;1945;48;55;243;1;295;4;88;5
73;15;4;2;5;24;92;9932;314;45;105;5
65;19;1;13;46;23;107;9937;329;45;10;5
7;31;52;17;29;5;61;9918;307;43;104;5
73;24;34;75;48;29;152;9962;31;54;9;5
76;29;42;13;35;18;86;9908;299;39;113;5
7;31;52;17;29;5;61;9918;307;43;104;5
86;26;41;22;49;29;111;9941;296;44;10;5
72;51;24;10;93;35;197;9981;341;47;9;5
83;22;38;148;54;32;126;1;322;5;97;5
83;22;38;148;54;32;126;1;322;5;97;5
77;34;3;8;48;25;192;9951;297;47;109;5
78;26;44;13;37;43;132;9944;318;65;10;5
73;31;69;102;41;58;160;9977;306;45;86;5
74;24;31;84;45;52;183;9963;309;32;88;5
63;16;4;16;33;59;148;9914;344;53;114;5
79;29;39;67;36;6;117;9938;312;42;107;5
73;31;69;102;41;58;160;9977;306;45;86;5
74;18;4;16;47;22;102;9937;328;44;107;5
59;415;13;14;4;11;64;9922;329;52;105;5
81;45;34;83;37;33;216;9976;331;64;97;5
58;415;13;14;4;11;64;9922;329;52;105;5
64;5;16;129;42;26;138;9974;328;33;9;5
98;36;45;16;42;11;124;9944;293;46;108;5
96;23;4;15;44;19;135;9937;296;49;109;5
68;39;31;1435;43;28;162;9988;317;54;91;5
87;22;42;23;53;27;114;994;299;43;10;5
74;41;34;47;42;19;127;9953;325;42;104;5
9;31;49;69;34;26;91;9937;299;34;115;5
93;34;49;73;52;30;146;998;317;61;102;5
72;24;3;16;48;27;131;9933;325;45;105;5
72;25;32;15;47;27;132;9933;326;44;105;5
68;32;18;75;41;71;223;9959;314;41;89;5
91;27;32;11;31;15;151;9936;303;41;106;5
69;32;17;76;42;69;219;9959;313;4;89;5
68;32;18;75;41;71;223;9959;314;41;89;5
6;24;32;63;3;34;129;9946;352;41;104;5
72;2;38;1;37;21;74;9918;321;37;11;5
82;61;45;54;3;15;118;9954;314;34;96;5
74;22;33;2;45;31;101;9931;342;55;114;5
64;25;41;86;42;57;173;9965;3;44;91;5
82;61;45;54;3;15;118;9954;314;34;96;5
74;22;33;2;45;31;101;9931;342;55;114;5
65;41;64;118;65;65;225;9978;312;51;89;5
75;32;37;12;48;22;184;9938;309;43;93;5
76;26;47;16;68;5;55;9944;31;45;96;5
64;3;38;78;46;35;192;9955;31;37;9;5
64;3;38;78;46;35;192;9955;31;37;9;5
73;27;39;67;64;28;188;9958;329;3;97;5
8;28;42;71;45;41;169;9959;317;43;106;5
8;28;42;71;45;41;169;9959;317;43;106;5
69;18;38;65;39;20;110;9943;31;42;105;5
78;32;31;17;36;46;195;993;303;48;105;5
73;24;39;36;24;35;116;9928;317;51;109;5
103;25;48;22;42;28;164;998;319;59;97;5
64;26;22;51;37;23;131;9944;329;32;101;5
84;57;44;107;51;46;195;9981;315;51;104;5
57;245;33;11;49;28;150;9927;313;42;93;5
72;14;35;12;36;15;73;9938;346;39;99;5
81;5;47;11;37;23;126;9938;321;42;109;5
81;5;47;11;37;23;126;9938;321;42;109;5
74;31;74;107;39;51;147;9977;302;43;87;5
78;23;28;475;42;45;166;9928;296;4;115;5
69;2;4;77;32;51;176;9939;322;27;114;5
8;59;71;1735;38;61;228;1;295;75;93;5
96;25;54;13;4;16;160;9938;294;43;105;5
92;32;42;13;46;14;186;9949;308;48;96;5
7;15;34;14;39;21;177;9927;332;62;108;5
64;25;53;66;38;59;234;9955;303;42;88;5
62;2;26;17;93;40;161;9924;344;66;11;5
67;18;3;64;48;40;251;9956;329;52;10;5
67;18;3;64;48;40;251;9956;329;52;10;5
76;54;23;2;29;13;151;9931;304;33;104;5
67;18;3;64;48;40;251;9956;329;52;10;5
78;13;3;18;4;43;179;9955;343;41;9;5
76;19;41;11;4;38;143;9907;292;42;114;5
76;19;41;11;4;38;143;9907;292;42;114;5
76;27;24;38;58;19;115;9958;315;45;89;5
74;64;47;1415;168;42;185;9984;29;49;93;5
9;31;48;66;43;11;73;9938;29;38;116;5
59;415;2;8;38;22;63;9932;336;36;93;5
69;35;74;1;44;18;132;992;313;55;102;5
53;165;24;11;51;25;105;9925;332;47;91;5
74;25;49;11;42;35;156;9917;313;55;113;5
61;22;49;15;51;18;87;9928;33;46;96;5
61;22;49;15;51;18;87;9928;33;46;96;5
74;25;49;11;42;35;156;9917;313;55;113;5
69;23;24;142;53;19;94;9982;317;5;96;5
61;25;49;76;52;67;226;9956;316;47;89;5
72;26;74;136;5;56;162;998;303;44;88;5
72;31;24;14;57;17;117;9928;316;35;105;5
72;4;49;11;48;11;138;9929;301;42;93;5
7;2;74;8;44;19;163;9931;346;53;102;5
65;24;24;16;46;15;60;9928;319;39;98;5
72;4;49;11;48;11;138;9929;301;42;93;5
78;21;49;135;52;6;48;9911;315;28;114;5
71;85;49;87;28;40;184;9962;322;36;107;5
79;16;74;1785;37;52;187;9998;299;41;93;5
75;2;49;13;31;8;97;9918;306;62;111;5
8;3;49;94;46;47;188;9964;314;48;10;5
67;62;24;11;39;6;62;9934;341;32;104;5
83;2;49;17;4;34;169;9938;305;37;101;5
79;2;49;16;53;15;144;993;316;47;105;5
8;18;49;18;61;10;145;9942;323;48;10;5
83;2;49;17;4;34;169;9938;305;37;101;5
69;21;49;14;41;15;164;9927;325;63;11;5
72;27;74;125;37;47;156;9981;304;44;87;5
72;27;74;125;37;47;156;9981;304;44;87;5
89;13;49;1;28;6;24;9926;291;32;99;5
89;13;49;1;28;6;24;9926;291;32;99;5
91;28;49;2;59;10;112;9958;315;46;101;5
91;28;49;2;59;10;112;9958;315;46;101;5
75;19;49;18;55;19;110;9946;333;44;99;5
67;3;74;5;38;35;157;9945;321;46;99;5
66;3;74;46;41;36;159;9946;321;45;99;5
78;26;49;31;45;21;116;9931;316;35;103;5
64;18;74;119;46;54;168;9978;358;68;101;5
64;18;74;119;46;54;168;9978;358;68;101;5
73;3;74;135;39;46;165;9982;302;4;87;5
93;31;49;13;42;34;147;9948;311;46;98;5
73;3;74;135;39;46;165;9982;302;4;87;5
66;55;1;27;34;56;122;9906;315;3;119;5
56;39;24;47;34;27;77;9906;328;36;127;5
8;29;49;117;35;40;131;9958;314;34;108;5
69;25;24;18;53;6;121;993;323;7;114;5
78;49;49;7;43;29;149;9952;321;33;10;5
79;22;49;38;42;26;105;993;31;39;105;5
78;49;49;7;43;29;149;9952;321;33;10;5
71;3;49;16;45;31;100;9942;34;59;102;5
66;46;49;74;52;19;184;9956;311;38;9;5
78;28;49;13;46;27;142;9936;309;59;102;5
66;31;49;77;5;52;220;9964;312;45;88;5
66;325;49;77;49;53;217;996;316;4;93;5
78;445;56;1;4;8;84;9938;325;43;108;5
66;26;31;48;138;41;168;9951;32;38;93;5
66;27;31;53;137;35;163;9951;32;38;93;5
62;27;32;88;47;65;224;9961;317;47;89;5
64;35;2;57;34;18;117;9944;333;43;101;5
74;26;37;94;47;42;147;9982;346;72;10;5
67;265;22;86;48;54;198;9955;325;41;102;5
79;29;36;111;33;43;208;9969;314;46;103;5
67;33;42;64;58;27;151;9954;316;44;96;5
67;31;42;64;57;25;148;9955;316;45;96;5
68;26;29;1695;56;48;179;9998;345;4;96;5
68;22;3;136;55;50;180;9984;344;39;98;5
81;31;24;16;32;10;67;9924;308;47;105;5
7;2;3;61;37;31;120;9939;324;51;108;5
66;545;4;25;31;48;111;9906;314;32;119;5
61;22;23;31;52;15;104;9948;314;42;87;5
75;15;38;18;54;19;101;9946;324;44;10;5
66;22;58;11;133;52;136;9932;31;3;91;5
61;34;31;12;53;46;238;9977;316;48;86;5
75;22;29;48;5;33;87;994;314;42;99;5
8;27;24;12;44;20;102;9929;328;42;109;5
67;27;25;8;53;54;202;9961;322;43;93;5
69;29;23;86;56;56;215;9967;317;44;88;5
96;21;28;12;38;12;53;9926;28;46;106;5
66;62;2;87;46;81;224;99605;317;44;93;5
67;27;25;8;53;54;202;9961;322;43;93;5
69;29;23;86;56;56;215;9967;317;44;88;5
66;32;26;77;54;56;209;9961;317;45;88;5
74;32;22;17;51;50;179;9955;328;69;89;5
66;37;7;14;48;58;144;9922;317;38;10;5
66;25;35;14;69;42;163;999;356;47;98;5
84;17;31;54;52;47;150;9953;324;38;98;5
82;36;29;76;35;37;122;9939;316;34;12;5
94;16;3;14;42;26;176;9954;315;46;91;5
64;33;24;16;54;25;117;9943;336;5;93;5
74;35;31;1795;62;42;187;1;327;64;91;5
71;37;32;14;37;27;126;9918;319;62;12;5
74;29;31;17;35;23;110;9926;307;38;109;5
65;32;12;115;33;35;165;9974;322;32;9;5
71;32;4;15;34;13;84;9944;342;6;104;5
65;32;12;115;33;35;165;9974;322;32;9;5
8;55;42;126;211;37;213;9988;299;56;93;5
69;18;33;1;54;24;164;9926;342;51;105;5
74;44;2;115;49;44;157;998;327;44;9;5
76;26;58;79;41;62;180;9966;307;38;9;5
74;44;2;115;49;44;157;998;327;44;9;5
83;27;39;24;58;16;107;9955;328;59;103;5
89;34;34;16;56;13;176;9946;314;47;97;5
89;33;34;14;56;14;171;9946;313;47;97;5
58;33;2;1605;47;26;166;9976;309;46;89;5
58;33;2;1605;47;26;166;9976;309;46;89;5
79;29;31;735;34;37;154;9938;306;31;108;5
64;22;32;79;29;34;124;9948;34;39;102;5
7;53;2;1;36;39;107;993;32;32;9;5
73;24;41;136;5;41;178;9988;337;43;97;5
72;24;4;1785;49;50;185;1;334;42;96;5
76;15;4;13;36;24;112;9932;314;76;10;5
76;33;41;137;45;44;197;9989;318;64;91;5
68;24;31;183;46;40;142;1;33;41;87;5
68;24;31;183;46;40;142;1;33;41;87;5
74;21;3;79;39;14;118;9942;296;34;104;5
78;34;27;12;4;25;106;9932;301;55;104;5
6;28;35;19;37;16;120;9933;316;69;106;5
76;13;34;93;62;40;126;9966;321;39;96;5
76;13;34;93;62;40;126;9966;321;39;96;5
82;37;27;17;28;10;59;9923;297;48;104;5
71;25;28;16;52;46;169;9926;305;41;105;5
88;34;33;97;36;46;172;9966;308;4;102;5
88;34;33;97;36;46;172;9966;308;4;102;5
72;16;35;12;31;27;84;9928;333;34;99;5
68;31;32;76;52;35;143;9959;314;38;9;5
83;36;57;15;52;35;256;1;293;64;86;5
68;31;32;76;52;35;143;9959;314;38;9;5
83;36;57;15;52;35;256;1;293;64;86;5
6;45;42;11;51;61;197;9932;302;4;9;5
57;45;42;11;51;61;197;9932;302;4;9;5
67;31;44;67;54;29;160;9952;304;44;96;5
8;25;13;172;36;49;219;9996;296;46;97;5
8;25;13;172;36;49;219;9996;296;46;97;5
64;29;28;111;63;66;169;9973;289;57;9;5
72;15;33;11;27;16;63;9937;337;4;99;5
85;17;31;1;24;13;91;993;279;37;101;5
85;17;31;1;24;13;91;993;279;37;101;5
82;21;48;14;41;11;99;9958;317;57;99;5
68;31;42;69;46;50;173;9958;319;46;9;5
68;28;37;7;57;35;208;9973;357;55;102;5
81;22;28;77;43;57;176;9954;312;55;10;5
7;12;28;63;57;17;103;9957;35;44;96;5
68;31;9;14;4;56;145;9922;319;46;10;5
67;31;8;13;38;58;147;9922;318;46;10;5
72;15;39;18;43;21;159;9948;352;47;10;5
72;15;39;18;43;21;159;9948;352;47;10;5
68;18;46;14;64;37;160;9924;337;45;111;5
9;55;3;81;26;14;71;993;294;36;118;5
9;55;3;81;26;14;71;993;294;36;118;5
75;3;71;13;16;44;149;9948;308;42;89;5
64;26;4;17;179;5;60;9925;309;54;101;5
69;32;15;81;46;51;180;9958;313;45;89;5
76;29;26;65;42;32;160;9944;314;47;107;5
72;23;33;127;49;50;183;9987;341;4;98;5
79;35;36;16;38;11;124;9928;325;48;11;5
88;2;28;11;18;18;72;9926;297;35;104;5
76;29;26;65;42;32;160;9944;314;47;107;5
55;14;27;46;29;22;104;9949;334;44;9;5
87;24;35;6;42;11;71;9926;308;38;106;5
55;14;27;46;29;22;104;9949;334;44;9;5
87;24;35;6;42;11;71;9926;308;38;106;5
83;33;43;92;46;22;126;9982;338;47;93;5
68;34;44;66;52;28;156;9955;314;41;96;5
68;21;27;1815;42;41;146;1;33;36;87;5
68;21;27;1815;42;41;146;1;33;36;87;5
86;485;29;41;26;19;101;9918;301;38;124;5
86;485;29;41;26;19;101;9918;301;38;124;5
68;21;27;1815;42;41;146;1;33;36;87;5
73;29;37;83;44;45;227;9966;312;47;9;5
57;46;46;14;4;31;169;9932;313;47;88;5
69;17;25;16;47;34;132;9914;316;48;114;5
76;18;36;24;49;38;123;996;36;46;103;5
78;27;28;18;5;21;127;9934;315;44;99;5
77;28;29;43;51;25;142;9939;316;39;102;5
76;29;29;44;51;26;146;9939;316;39;102;5
66;27;29;53;45;57;189;9953;331;79;98;5
76;18;36;24;49;38;123;996;36;46;103;5
68;36;32;16;39;10;124;9948;33;67;96;5
68;36;32;16;39;10;124;9948;33;67;96;5
75;42;14;107;46;18;95;9959;322;33;107;5
94;3;32;107;29;14;111;9958;285;42;106;5
84;28;4;89;48;33;146;9988;34;46;93;5
68;32;34;6;5;5;129;9953;319;4;91;5
6;16;3;67;43;43;153;9951;363;46;106;5
62;34;3;111;47;28;237;9981;318;49;87;5
6;27;15;15;56;35;128;9936;312;45;88;5
6;16;3;67;43;43;153;9951;363;46;106;5
68;32;34;6;5;5;129;9953;319;4;91;5
65;22;25;171;5;44;138;1;33;37;88;5
65;22;25;171;5;44;138;1;33;37;88;5
65;22;25;171;5;44;138;1;33;37;88;5
57;33;15;19;5;20;93;9934;338;62;99;5
65;22;25;171;5;44;138;1;33;37;88;5
77;26;32;12;4;26;117;993;321;56;108;5
68;25;27;107;76;47;154;9967;305;38;9;5
69;26;33;126;51;59;173;998;339;38;99;5
68;25;27;107;76;47;154;9967;305;38;9;5
6;28;22;1215;48;42;163;9957;32;46;101;5
65;43;28;12;56;23;174;9986;331;55;93;5
68;28;39;14;36;15;115;9918;327;72;117;5
7;35;24;19;4;21;144;9923;335;38;11;5
72;16;26;71;54;41;224;9966;338;55;101;5
72;16;26;71;54;41;224;9966;338;55;101;5
55;24;32;87;6;19;102;994;327;31;104;5
77;28;35;153;56;31;117;9998;327;5;96;5
77;28;35;153;56;31;117;9998;327;5;96;5
75;26;52;132;47;64;179;9982;31;46;9;5
64;29;2;156;4;20;142;9962;31;54;106;5
77;28;35;153;56;31;117;9998;327;5;96;5
78;29;33;875;35;33;181;9962;311;46;107;5
84;22;28;188;28;55;130;998;296;35;116;5
66;32;27;109;41;37;146;9963;324;47;10;5
92;23;35;107;37;34;145;9981;309;32;97;5
71;26;19;82;51;53;187;996;316;52;97;5
64;24;23;73;69;31;157;9962;325;53;91;5
71;26;19;82;51;53;187;996;316;52;97;5
78;24;38;21;58;14;167;994;321;55;99;5
76;27;33;2;59;19;175;9944;322;56;99;5
77;39;34;10;56;35;178;9974;326;6;102;5
71;26;3;2;31;13;128;9917;319;49;114;5
71;26;3;2;31;13;128;9917;319;49;114;5
78;3;37;13;51;16;96;9941;332;62;10;5
77;28;58;121;46;60;177;9983;308;46;89;5
77;27;61;12;46;64;179;9982;307;46;89;5
65;39;35;16;49;10;164;99516;335;51;97;5
72;23;38;61;67;20;90;99496;317;79;97;5
72;29;18;82;42;41;180;99644;316;49;91;5
61;23;45;106;94;49;169;99699;305;54;88;5
67;23;42;112;47;52;171;99758;354;74;104;5
7;36;14;116;43;35;228;9977;313;51;89;5
63;27;18;77;48;45;186;9962;323;47;9;5
63;27;18;77;48;45;186;9962;323;47;9;5
71;14;35;14;39;24;128;99212;297;68;104;5
76;48;28;104;49;57;205;99748;324;45;93;5
76;48;28;104;49;57;205;99748;324;45;93;5
69;3;21;157;56;49;159;99827;311;48;9;5
69;3;21;157;56;49;159;99827;311;48;9;5
94;42;32;65;27;20;167;99479;308;43;106;5
61;46;32;62;53;10;94;99537;335;47;101;5
71;4;52;13;148;45;149;99468;308;56;87;5
6;26;18;7;55;50;194;99591;321;43;9;5
69;44;18;118;51;26;126;9975;323;48;91;5
56;295;2;22;49;18;134;99378;321;68;10;5
94;28;3;16;45;36;139;99534;311;49;93;5
94;28;3;16;45;36;139;99534;311;49;93;5
75;24;62;106;45;51;153;99779;316;44;88;5
46;445;0;14;53;11;178;99426;379;55;102;5
69;35;55;1195;38;22;111;99687;311;29;97;5
69;35;55;1195;38;22;111;99687;311;29;97;5
76;3;4;22;54;29;175;99445;319;53;98;5
75;3;32;14;32;31;161;99154;295;42;105;5
83;27;34;102;48;50;118;99716;318;51;103;5
72;34;3;84;51;40;167;99756;348;62;97;5
72;34;3;84;51;40;167;99756;348;62;97;5
67;17;27;14;32;39;149;99254;34;52;105;5
79;31;22;133;48;46;212;99942;347;59;10;5
89;21;37;12;28;20;93;99244;32;37;115;5
6;495;27;5;157;17;129;99396;303;36;93;5
82;25;46;375;5;14;102;99524;328;58;97;5
67;24;26;126;53;44;182;99802;342;42;97;5
76;32;35;16;92;24;138;99438;319;44;98;5
74;33;44;76;5;40;227;99679;312;52;9;5
76;2;68;129;42;56;160;99841;305;41;87;5
63;695;55;129;56;58;252;99806;329;49;87;5
7;27;29;39;59;28;199;9961;354;59;103;5
98;16;46;18;46;23;130;99587;304;67;96;5
75;705;1;13;44;44;214;99741;31;5;91;5
82;24;3;23;5;23;106;99397;298;5;10;5
73;815;9;114;44;45;204;99713;315;46;9;5
63;29;14;705;45;50;177;99564;323;42;9;5
68;46;26;63;147;49;159;99434;314;47;10;5
66;32;33;25;52;40;2195;99316;315;6;10;5
66;34;34;26;51;405;210;99314;315;61;10;5
66;32;33;25;52;40;210;99316;315;6;10;5
71;29;3;16;36;58;201;99954;33;67;9;5
6;26;15;12;53;35;124;99347;308;46;88;5
75;28;78;121;41;53;161;99838;298;44;87;5
75;27;79;1195;4;51;159;99839;298;44;87;5
74;56;9;15;71;19;117;99496;322;53;98;5
68;32;3;1;49;22;113;99289;324;61;102;5
64;3;16;75;5;55;191;9959;317;49;9;5
67;24;32;103;79;37;122;99662;302;45;88;5
63;18;22;15;43;45;155;99238;319;48;102;5
86;23;25;113;31;13;96;99645;311;4;108;5
68;21;36;181;46;32;133;1;327;48;88;5
68;21;36;181;46;32;133;1;327;48;88;5
68;21;36;181;46;32;133;1;327;48;88;5
64;31;4;64;39;39;191;99513;314;52;98;5
8;27;57;104;53;18;134;99732;312;68;9;5
69;34;36;14;32;13;145;99214;307;52;98;5
75;41;23;148;54;28;174;99898;318;49;97;5
82;2;38;35;53;41;174;99306;322;41;116;5
75;41;23;148;54;28;174;99898;318;49;97;5
66;42;13;128;44;26;158;99772;324;47;9;5
64;22;3;112;46;53;149;99479;321;34;108;5
62;27;18;15;28;20;111;99228;341;5;10;5
9;29;34;121;3;34;177;99706;313;47;106;5
89;27;34;107;29;195;166;99669;313;48;106;5
67;5;38;75;46;26;175;99662;332;54;96;5
75;2;47;169;52;51;188;99944;309;62;93;5
76;23;64;129;33;54;170;998;3;53;88;5
69;28;22;10;52;36;131;99696;308;46;96;5
73;37;16;149;48;59;240;99902;313;45;89;5
66;24;28;18;28;39;132;99182;334;46;114;5
66;24;28;18;28;39;132;99182;334;46;114;5
7;14;28;13;26;10;56;99352;346;45;99;5
63;34;36;49;35;31;185;9946;315;49;97;5
68;26;24;19;43;70;154;99273;318;52;105;5
67;25;36;86;37;63;206;99553;318;5;96;5
77;3;26;1895;53;36;174;99976;32;5;104;5
73;32;29;15;38;32;144;99296;32;55;108;5
63;21;29;117;48;49;147;99482;322;38;108;5
82;52;34;12;42;18;167;99366;324;39;106;5
78;28;31;21;46;28;208;99434;323;64;98;5
78;28;31;21;46;28;208;99434;323;64;98;5
615;21;37;32;21;20;80;99076;339;47;12;5
65;28;28;204;41;40;144;1;314;38;87;5
615;21;37;32;21;20;80;99076;339;47;12;5
45;19;21;95;33;89;159;99332;334;42;8;5
58;6;0;13;44;72;197;99202;356;43;109;5
68;44;2;16;65;61;186;99884;313;45;86;5
72;24;27;114;34;40;174;99773;32;44;9;5
72;24;27;114;34;40;174;99773;32;44;9;5
61;15;35;158;42;55;158;99642;324;37;106;5
76;23;4;52;66;14;91;99488;317;8;97;5
81;33;22;52;47;24;151;99527;322;47;103;5
58;15;28;8;37;43;127;99198;324;51;93;5
64;68;26;34;69;25;146;99347;318;4;93;5
64;28;27;11;42;45;148;99786;314;46;87;5
68;19;23;51;34;71;204;9942;323;69;101;5
83;4;41;82;5;15;122;9979;339;49;93;5
68;26;4;75;46;45;179;99583;32;49;93;5
71;31;17;1;42;21;144;99304;313;4;96;5
71;31;17;1;42;21;144;99304;313;4;96;5
7;18;37;15;43;16;104;99216;318;5;108;5
65;23;36;163;38;43;133;99924;326;41;88;5
65;23;36;163;38;43;133;99924;326;41;88;5
65;23;36;163;38;43;133;99924;326;41;88;5
65;23;36;163;38;43;133;99924;326;41;88;5
78;25;34;137;44;66;184;99976;322;75;89;5
78;25;34;137;44;66;184;99976;322;75;89;5
56;2;22;13;49;25;155;99296;374;43;10;5
64;21;44;74;45;47;182;9957;324;46;91;5
78;25;34;137;44;66;184;99976;322;75;89;5
82;37;64;139;43;22;171;99873;299;8;93;5
69;23;32;164;45;62;153;9972;322;42;105;5
79;51;36;62;51;30;173;9984;309;53;97;5
79;51;34;26;49;13;135;99335;309;51;10;5
69;615;42;12;67;24;131;99727;319;34;93;5
69;615;42;12;67;24;131;99727;319;34;93;5
59;17;28;7;27;5;28;98985;313;32;106;5
6;26;15;13;6;51;154;99354;314;51;87;5
73;32;35;14;5;8;163;99244;324;42;107;5
73;32;35;14;5;8;163;99244;324;42;107;5
67;2;37;165;25;42;103;99022;311;45;114;5
62;235;34;19;36;4;117;99032;34;44;122;5
64;24;25;202;83;35;157;99976;317;5;91;5
64;24;25;202;83;35;157;99976;317;5;91;5
75;17;71;118;38;52;148;99801;303;46;89;5
75;18;72;96;39;53;151;99802;303;46;89;5
74;3;32;17;3;23;128;9929;317;66;109;5
66;36;24;9;38;15;72;99066;323;39;11;5
72;17;41;16;52;24;126;99228;319;49;108;5
66;4;46;62;56;42;241;9968;35;6;99;5
65;2;24;92;44;25;150;99502;322;44;105;5
71;26;32;162;44;31;170;99644;317;37;112;5
66;22;34;116;5;59;140;99526;322;4;108;5
8;22;31;56;49;24;97;993;31;42;109;5
58;2;34;1;35;40;86;98993;35;42;117;5
66;31;7;15;33;55;144;99208;316;42;10;5
67;24;29;149;53;55;136;99839;303;52;9;5
73;23;34;93;52;19;86;99574;304;56;10;5
79;2;39;1;41;37;154;99093;308;43;119;5
62;23;23;12;18;18;128;99178;305;28;106;5
64;22;31;139;4;57;135;99672;321;38;107;5
65;15;55;59;45;75;162;99482;297;4;93;5
79;25;35;67;39;22;64;99362;293;49;107;5
7;24;3;67;39;37;125;99436;32;39;99;5
66;41;31;16;42;18;101;99195;313;41;105;5
64;2;28;25;32;24;84;99168;331;55;115;5
67;42;46;97;54;67;234;99848;323;5;9;5
64;44;26;2;54;20;180;9952;358;57;10;5
7;31;39;75;55;42;218;99652;337;54;103;5
67;42;46;97;54;67;234;99848;323;5;9;5
86;18;28;8;32;25;78;99104;299;38;111;5
62;21;26;131;5;59;150;99772;331;46;9;5
76;31;26;17;73;40;157;9938;31;46;98;5
66;26;46;69;47;59;183;99594;32;45;93;5
77;18;3;12;46;49;199;99413;303;38;93;5
64;16;32;875;38;38;118;99449;319;41;107;5
77;25;3;78;38;67;196;99555;31;5;101;5
53;21;29;7;28;11;66;99215;33;4;98;5
52;17;27;7;3;11;68;99218;33;41;98;5
77;25;3;78;38;67;196;99555;31;5;101;5
72;3;3;87;22;14;111;99576;311;61;106;5
68;26;46;83;37;49;173;99601;317;47;93;5
6;28;25;18;42;8;108;9929;308;55;9;5
72;2;22;16;44;17;101;99471;337;53;10;5
61;27;25;18;41;9;109;9929;308;54;9;5
6;28;25;18;42;8;108;9929;308;55;9;5
74;35;24;6;42;28;123;99304;314;44;113;5
72;2;22;16;44;17;101;99471;337;53;10;5
58;19;24;13;44;38;128;99362;377;6;106;5
84;31;31;95;21;52;148;99038;293;32;115;5
84;31;31;95;21;52;148;99038;293;32;115;5
73;26;24;17;5;10;112;99286;311;43;99;5
8;74;21;4;5;24;133;99418;306;38;97;5
74;32;22;117;35;44;150;99578;31;45;104;5
67;14;46;16;36;15;92;99264;337;49;109;5
68;29;34;35;54;26;189;99489;342;58;104;5
63;2;37;118;45;58;130;99519;32;35;108;5
77;18;53;12;41;42;167;9908;311;44;119;5
69;28;41;14;16;6;55;98876;316;4;134;5
72;27;37;54;26;27;114;99174;313;84;127;5
62;25;38;79;45;54;208;99572;317;46;91;5
62;25;54;7;46;58;176;99454;319;7;104;5
62;25;54;7;46;58;176;99454;319;7;104;5
62;25;54;7;46;58;176;99454;319;7;104;5
74;21;8;123;38;77;183;99778;295;48;9;5
74;21;8;123;38;77;183;99778;295;48;9;5
67;24;41;29;39;48;122;99052;325;43;12;5
66;25;33;85;42;29;141;99546;328;6;104;5
63;28;3;31;39;24;115;9942;305;43;86;5
62;25;38;79;45;54;208;99572;317;46;91;5
71;28;35;35;28;35;91;99022;296;33;121;5
66;35;34;49;32;9;125;99253;332;81;12;5
62;25;54;7;46;58;176;99454;319;7;104;5
66;78;5;15;45;30;133;99104;325;48;117;5
76;21;49;25;47;20;130;99178;315;48;111;5
76;35;46;147;47;33;151;99709;303;53;103;5
76;23;34;16;43;24;129;99305;312;7;104;5
59;19;37;8;27;3;21;9897;309;31;108;5
76;23;34;16;43;24;129;99305;312;7;104;5
55;18;22;55;37;10;86;99156;346;44;122;5
74;23;38;86;52;41;150;99534;306;46;103;5
76;3;38;21;43;10;98;99296;317;65;11;5
63;35;26;176;61;59;198;99918;311;49;88;5
56;19;27;9;4;52;103;99026;35;39;112;5
55;19;27;9;4;52;103;99026;35;39;112;5
56;41;22;71;5;44;154;9931;33;4;105;5
55;12;33;1;38;23;131;99164;325;45;98;5
66;19;33;18;35;42;148;99196;315;36;102;5
55;12;33;1;38;23;131;99164;325;45;98;5
57;16;32;12;36;7;89;99111;326;48;11;5
68;28;34;75;35;34;177;99692;333;43;91;5
68;25;24;16;45;39;164;99402;353;58;108;5
64;21;34;1605;4;56;142;99678;311;38;106;5
58;33;23;5;53;29;106;99458;313;52;9;5
64;24;32;95;41;23;131;99033;325;35;118;5
72;13;46;13;44;48;111;99127;297;45;111;5
58;33;23;5;53;29;106;99458;313;52;9;5
9;38;53;21;102;19;76;99001;293;57;129;5
67;31;32;145;38;6;79;99412;314;34;125;5
76;27;29;25;59;37;115;99328;309;37;98;5
76;27;29;25;59;37;115;99328;309;37;98;5
71;38;4;22;42;54;201;99177;303;5;114;5
63;32;32;15;3;24;101;98923;321;42;13;5
64;15;29;18;44;21;115;99166;31;38;102;5
61;22;31;14;39;40;129;99193;345;59;109;5
64;15;29;18;44;21;115;99166;31;38;102;5
78;25;37;1;43;10;80;99128;308;38;114;5
78;25;37;1;43;10;80;99128;308;38;114;5
51;21;28;14;47;48;148;99168;35;49;104;5
75;29;36;157;5;29;124;9968;306;54;104;5
66;17;28;18;42;62;178;99204;315;42;102;5
64;24;29;1;38;18;122;9906;33;42;115;5
65;26;32;665;59;34;104;99254;318;42;111;5
65;25;45;78;48;52;188;99576;32;53;91;5
66;26;46;78;47;48;186;9958;32;54;91;5
88;19;3;5;28;34;120;99242;294;47;112;5
88;27;25;5;24;52;99;9925;287;49;114;5
71;18;39;145;51;48;156;99947;335;78;91;5
71;18;39;145;51;48;156;99947;335;78;91;5
78;29;29;315;44;41;117;99153;324;35;115;5
67;3;44;185;57;65;224;99956;311;53;91;5
68;17;32;14;4;35;106;99026;316;66;12;5
71;25;28;12;4;31;111;99174;318;53;111;5
67;3;44;1875;57;65;224;99956;311;53;91;5
8;24;48;68;47;13;134;99616;323;7;10;5
58;54;0;14;33;40;107;98918;326;35;124;5
6;39;13;12;42;60;172;99114;306;52;106;5
69;29;41;78;46;52;171;99537;312;51;96;5
66;24;27;103;47;54;219;99742;304;45;88;5
58;22;3;11;47;36;131;992;326;45;104;5
67;29;45;143;54;30;181;99869;314;57;91;5
67;29;45;143;54;30;181;99869;314;57;91;5
75;2;41;12;5;26;131;99133;319;52;111;5
72;31;35;72;46;45;178;9955;314;53;97;5
72;31;35;72;46;45;178;9955;314;53;97;5
62;27;47;12;146;28;105;99224;323;51;101;5
7;48;12;45;5;23;86;99398;286;35;9;5
7;48;12;45;5;23;86;99398;286;35;9;5
74;28;36;146;48;35;161;9968;314;56;106;5
75;3;21;655;26;33;143;99244;292;35;111;5
64;28;36;13;53;28;186;99211;331;45;108;5
77;32;61;118;41;66;188;99794;3;54;93;5
7;29;33;9;41;20;117;99048;321;5;114;5
77;32;61;118;41;66;188;99794;3;54;93;5
7;29;33;9;41;20;117;99048;321;5;114;5
73;31;25;665;32;30;138;99244;29;37;111;5
65;27;26;11;3;2;82;99402;307;36;112;5
66;34;2;1;53;26;112;99336;332;55;91;5
76;3;37;16;87;27;177;99438;309;5;98;5
6;16;27;12;3;39;98;99402;315;34;108;5
76;3;37;16;87;27;177;99438;309;5;98;5
7;3;27;15;76;24;145;99344;31;52;101;5
77;35;46;118;88;61;183;99786;286;47;9;5
67;31;9;14;39;53;141;99206;312;44;101;5
47;67;9;1;2;5;9;98722;33;34;136;5
66;28;23;104;49;45;190;99754;312;51;88;5
68;22;26;12;41;29;182;99104;304;35;112;5
77;3;23;2;68;28;138;99382;311;62;98;5
77;31;23;2;69;29;134;99382;311;62;98;5
75;28;41;13;44;11;126;99293;328;45;103;5
75;28;41;13;44;11;126;99293;328;45;103;5
6;21;29;131;42;28;125;99936;339;45;86;5
74;27;28;18;4;45;121;99043;302;4;119;5
62;24;25;125;55;47;134;99758;33;51;9;5
55;17;23;29;39;10;108;99243;328;5;10;5
65;26;34;14;4;25;184;99216;329;46;107;5
66;27;33;14;42;24;183;99215;329;46;107;5
55;17;23;29;39;10;108;99243;328;5;10;5
65;26;34;14;4;25;184;99216;329;46;107;5
66;27;33;14;42;24;183;99215;329;46;107;5
74;2;35;61;25;10;40;99244;279;52;109;5
67;39;24;27;17;22;80;99084;303;37;115;5
5;61;12;13;9;65;100;9874;326;37;135;5
67;42;39;121;4;61;248;99794;331;58;97;5
69;33;31;77;4;29;135;99226;311;57;123;5
67;42;39;121;4;61;248;99794;331;58;97;5
74;29;48;128;37;615;182;99808;302;34;88;5
55;24;45;17;46;22;113;99224;322;48;10;5
7;39;21;107;98;13;91;99657;303;47;93;5
79;21;39;2;57;21;138;99176;305;52;109;5
7;3;28;22;42;21;177;99166;32;57;114;5
81;2;3;13;36;7;49;99242;299;73;103;5
79;21;39;2;57;21;138;99176;305;52;109;5
81;2;3;13;36;7;49;99242;299;73;103;5
7;39;21;107;98;13;91;99657;303;47;93;5
68;21;62;64;41;7;113;99358;296;59;102;5
72;28;38;2;52;23;156;9912;313;52;111;5
79;21;39;2;57;21;138;99176;305;52;109;5
7;3;28;22;42;21;177;99166;32;57;114;5
74;34;28;121;49;31;149;99677;322;49;103;5
68;41;3;88;45;28;131;9953;312;59;99;5
63;3;2;37;39;34;132;99158;3;38;107;5
51;23;18;1;53;13;99;98956;322;39;115;5
68;31;19;35;86;30;130;993;283;44;96;5
68;31;19;35;86;30;130;993;283;44;96;5
62;31;23;33;52;34;113;99429;316;48;84;5
62;31;23;33;52;34;113;99429;316;48;84;5
64;32;23;162;55;36;176;9986;326;54;91;5
64;32;23;162;55;36;176;9986;326;54;91;5
82;31;43;7;47;18;87;99628;323;64;106;5
76;37;51;117;94;58;181;99776;291;51;9;5
67;26;51;8;62;50;194;99545;313;5;96;5
61;22;28;1655;59;54;135;99665;32;38;105;5
71;28;31;15;53;20;98;99069;315;5;114;5
71;2;37;15;49;28;129;99226;315;52;108;5
71;2;37;15;49;28;129;99226;315;52;108;5
6;21;3;87;36;47;127;99368;318;39;106;5
6;21;3;87;36;47;127;99368;318;39;106;5
73;36;34;148;57;46;173;99751;314;57;102;5
86;31;3;9;45;16;109;99249;295;39;101;5
86;31;3;9;45;16;109;99249;295;39;101;5
86;22;33;12;31;38;95;99239;283;31;103;5
65;22;31;39;46;17;106;99098;315;31;115;5
66;32;47;156;63;27;173;99872;318;56;9;5
66;32;47;156;63;27;173;99872;318;56;9;5
65;36;36;67;185;515;151;99528;317;42;93;5
69;4;37;89;53;36;148;996;316;5;93;5
49;345;34;1;68;32;143;99138;324;4;101;5
57;14;3;54;45;26;105;99469;332;45;93;5
69;4;37;89;53;36;148;996;316;5;93;5
49;345;34;1;68;32;143;99138;324;4;101;5
63;33;2;179;66;36;161;9991;314;51;88;5
63;33;2;179;66;36;161;9991;314;51;88;5
54;24;18;23;5;22;145;99207;324;46;103;5
77;31;36;43;26;15;87;99152;311;48;12;5
76;39;46;117;84;55;170;99773;291;51;9;5
75;35;48;124;56;61;1765;99803;297;52;88;5
61;22;25;121;35;54;135;99481;321;4;107;5
8;37;31;47;38;3;127;99186;29;72;121;5
62;32;12;48;54;6;97;99424;316;5;93;5
62;32;12;48;54;6;97;99424;316;5;93;5
64;26;26;11;52;22;176;99304;309;54;93;5
69;19;38;115;23;30;105;99047;311;38;114;5
73;33;22;14;41;40;177;99287;314;48;99;5
73;34;22;14;44;43;176;99286;314;46;99;5
62;24;22;79;53;45;149;99545;323;52;93;5
62;24;22;79;53;45;149;99545;323;52;93;5
65;43;18;1315;32;25;131;99565;323;51;107;5
64;41;1;61;48;20;70;99362;319;42;10;5
64;41;1;61;48;20;70;99362;319;42;10;5
61;17;21;19;9;44;130;99255;307;41;97;5
55;28;21;16;32;23;85;99027;342;42;125;5
69;38;28;83;62;22;166;99506;316;72;106;5
61;28;27;8;48;41;162;99498;321;51;99;5
65;36;16;13;54;11;107;99398;319;39;85;5
74;37;26;96;5;33;134;99608;313;46;104;5
62;3;32;12;52;32;185;99266;328;44;101;5
66;21;34;56;46;30;140;99299;322;38;11;5
69;37;23;95;57;54;166;99568;323;42;10;5
69;37;23;95;57;54;166;99568;323;42;10;5
53;23;56;9;41;46;141;99119;316;62;97;5
76;4;27;12;53;23;193;99164;322;38;116;5
74;28;5;121;49;48;122;9973;301;44;9;5
63;17;23;57;48;44;147;99382;308;54;10;5
63;18;22;56;47;45;147;99383;309;54;10;5
67;31;34;68;59;51;215;99538;333;56;103;5
66;33;32;156;54;62;227;99734;325;56;104;5
74;31;26;86;48;47;206;9964;326;36;91;5
74;31;26;86;48;47;206;9964;326;36;91;5
59;26;24;24;46;27;132;99234;363;73;113;5
74;31;26;86;48;47;206;9964;326;36;91;5
62;32;5;65;48;61;186;9948;319;45;96;5
63;34;52;63;47;63;186;99481;318;44;96;5
72;26;38;15;61;12;120;99192;318;46;104;5
7;31;35;16;63;13;119;99184;322;5;107;5
66;22;37;16;4;31;101;99009;315;66;12;5
71;34;86;14;174;36;99;99288;292;5;93;5
76;27;32;12;43;23;72;99236;306;68;105;5
64;21;21;51;97;21;105;9939;307;46;96;5
78;27;35;12;5;36;140;99138;309;45;112;5
63;3;48;74;53;34;149;99472;318;53;98;5
79;36;53;129;49;63;139;99792;294;45;91;5
62;3;32;13;54;27;183;99266;33;43;101;5
62;345;27;101;56;38;187;99486;331;56;106;5
75;23;3;12;3;27;80;99192;305;68;105;5
75;29;24;99;58;25;115;99567;315;46;109;5
58;32;23;15;33;39;121;9887;296;35;12;5
72;22;35;55;54;37;183;99474;308;5;103;5
57;26;24;178;59;23;124;99773;33;5;101;5
57;26;24;178;59;23;124;99773;33;5;101;5
76;28;17;16;46;28;117;99288;308;43;10;5
57;26;24;178;59;23;124;99773;33;5;101;5
74;22;28;9;46;22;121;99468;31;55;108;5
71;23;28;19;46;33;103;98997;312;31;12;5
64;42;19;93;43;28;145;99433;323;53;1098;5
73;28;35;16;54;31;148;99178;318;47;107;5
73;28;35;16;54;31;148;99178;318;47;107;5
63;19;33;101;63;63;133;99561;286;41;91;5
65;22;19;45;96;16;115;9937;302;44;96;5
7;23;28;27;53;16;92;99372;318;56;93;5
65;315;2;66;41;9;126;99494;294;51;88;5
74;27;26;118;53;55;173;99699;311;6;98;5
74;27;26;118;53;55;173;99699;311;6;98;5
74;27;26;118;53;55;173;99699;311;6;98;5
74;27;26;118;53;55;173;99699;311;6;98;5
63;305;22;16;61;26;141;99824;308;5;91;5
57;24;47;63;69;35;182;99391;311;46;975;5
63;32;26;123;44;24;205;99611;311;58;99;5
81;36;59;136;51;60;134;99886;296;39;87;5
61;21;19;14;46;51;131;99184;322;39;105;5
72;47;16;59;48;14;125;99428;309;49;98;5
67;34;31;164;51;20;146;99834;306;54;91;5
67;34;31;164;51;20;146;99834;306;54;91;5
72;47;16;59;48;14;125;99428;309;49;98;5
73;3;25;25;45;32;122;99329;318;54;103;5
63;39;22;28;48;53;173;99304;324;45;98;5
6;28;29;193;51;36;174;99911;314;5;9;5
6;28;29;193;51;36;174;99911;314;5;9;5
6;28;29;193;51;36;174;99911;314;5;9;5
59;22;18;64;41;28;120;99403;327;5;99;5
66;26;56;154;53;32;141;9981;311;49;93;5
66;26;56;154;53;32;141;9981;311;49;93;5
62;32;24;41;51;34;149;99306;336;52;11;5
63;25;27;66;54;40;158;99378;32;48;103;5
7;28;28;14;39;12;83;99173;318;65;111;5
71;36;2;16;271;24;140;99356;311;63;98;5
64;32;26;79;5;53;180;99514;314;5;96;5
64;32;26;79;5;53;180;99514;314;5;96;5
6;555;26;45;53;17;126;9943;324;46;91;5
59;22;45;226;12;55;122;99636;31;35;128;5
64;32;26;79;5;53;180;99514;314;5;96;5
58;555;26;45;53;17;126;9943;324;46;91;5
63;29;3;81;212;60;150;9958;31;4;93;5
68;2;25;62;52;22;106;9935;309;54;108;5
65;32;23;85;51;20;138;9943;303;42;107;5
64;28;23;6;51;50;162;994;315;52;102;5
61;4;18;9;51;285;259;9964;319;5;88;5
58;31;31;75;52;55;230;9949;319;46;98;5
63;36;2;2;48;48;191;9929;317;51;96;5
67;18;25;143;48;79;149;9975;312;37;97;5
61;25;18;105;49;41;124;9963;314;35;105;5
83;18;37;12;49;6;94;9937;318;52;101;5
83;14;36;88;26;13;60;9956;313;35;1105;5
69;28;37;91;37;16;76;9948;305;54;111;5
69;28;37;91;37;16;76;9948;305;54;111;5
64;46;22;147;47;51;183;998275;339;6;105;5
69;28;37;91;37;16;76;9948;305;54;111;5
68;45;3;118;94;23;97;997;309;44;96;5
61;2;4;19;28;32;138;9914;326;72;117;5
58;28;66;91;39;26;159;9965;366;55;108;5
86;36;26;111;3;435;171;9948;303;49;12;5
58;28;66;91;39;26;159;9965;366;55;108;5
59;3;29;11;36;23;56;9904;319;38;113;5
64;3;33;52;5;30;137;99304;326;58;111;5
69;29;32;58;4;16;112;993;304;58;112;5
59;42;36;24;34;19;77;99184;325;48;109;5
58;34;21;72;41;48;146;99441;316;49;98;5
58;27;2;73;4;42;145;99442;315;48;98;5
73;28;37;12;39;26;99;99198;301;62;108;5
64;62;12;47;6;33;196;99556;322;48;89;5
83;49;23;665;34;6;158;99344;305;48;112;5
65;51;25;17;48;39;177;99212;328;57;106;5
67;61;21;165;117;40;240;9938;311;57;93;5
57;695;6;68;42;9;84;99432;344;44;102;5
56;695;6;68;42;9;84;99432;344;44;102;5
61;38;47;14;51;59;210;99309;324;5;96;5
8;23;41;11;48;35;150;99168;309;47;112;5
64;31;53;88;57;36;221;99642;317;44;91;5
59;44;33;12;49;12;117;99134;346;44;115;5
47;335;14;13;36;69;168;99212;347;46;105;5
72;26;32;104;62;23;114;9966;323;49;105;5
6;36;32;11;53;26;173;99414;338;54;88;5
68;3;33;128;41;60;168;99659;31;56;98;5
68;3;33;128;41;60;168;99659;31;56;98;5
66;27;32;13;44;18;93;99044;311;56;1225;5
68;32;43;16;5;4;65;99346;327;47;107;5
79;3;6;185;48;13;106;99331;324;49;1185;5
6;32;46;15;5;56;189;99308;324;49;96;5
6;14;37;12;32;63;148;99185;332;44;112;5
5;24;19;5;43;17;101;99438;367;57;10;5
61;34;24;1835;5;33;184;99943;312;61;93;5
6;14;37;12;32;63;148;99185;332;44;112;5
64;28;45;86;57;47;223;99654;316;51;91;5
58;3;9;63;42;36;138;99382;315;48;97;5
56;3;1;64;43;34;142;99382;314;48;98;5
64;31;31;129;45;55;161;99546;302;59;102;5
64;31;31;129;45;55;161;99546;302;59;102;5
59;32;19;145;42;37;115;99684;316;43;103;5
73;35;67;83;53;10;100;9959;319;5;109;5
54;375;4;33;54;29;147;99482;342;52;91;5
58;36;5;1;127;63;178;99212;31;45;97;5
58;36;5;1;127;63;178;99212;31;45;97;5
59;32;26;15;57;17;141;9917;324;36;107;5
67;5;36;115;96;18;92;99642;311;49;96;5
56;34;25;25;46;47;182;99093;321;4;113;5
64;33;44;89;55;52;164;99488;31;48;96;5
64;33;44;89;55;52;164;99488;31;48;96;5
62;23;38;16;44;12;113;99176;33;73;114;5
52;25;23;14;47;20;77;99001;332;62;114;5
64;35;51;78;55;53;177;99502;312;45;96;5
6;42;41;124;32;50;179;99622;314;6;97;5
59;54;0;8;32;12;82;99286;325;36;88;5
55;32;13;13;37;45;156;99184;326;38;107;5
65;33;38;83;48;68;174;99492;314;5;96;5
65;23;38;13;32;29;112;99298;329;54;97;5
66;32;36;8;47;57;168;9949;315;46;96;5
72;31;5;133;56;68;195;9982;301;47;92;5
72;31;5;133;56;68;195;9982;301;47;92;5
73;32;48;133;6;57;196;9982;304;5;92;5
66;24;27;158;35;46;188;9982;324;51;92;5
71;34;15;12;53;61;183;9936;309;43;92;5
7;16;32;83;45;38;126;9958;321;34;92;5
7;16;32;83;45;38;126;9958;321;34;92;5
61;35;7;14;69;22;108;9934;323;52;92;5
62;35;4;12;6;23;108;9934;326;54;92;5
67;47;34;89;43;31;172;9964;322;6;92;5
67;47;34;89;43;31;172;9964;322;6;92;5
74;28;25;119;53;25;148;9976;31;62;92;5
62;47;21;1;44;13;98;99345;314;46;92;5
69;38;25;98;4;28;191;9971;328;61;92;5
69;38;25;98;4;28;191;9971;328;61;92;5
67;5;63;134;78;81;238;9988;308;44;92;5
58;29;5;8;38;11;30;9924;336;35;92;5
56;29;5;8;38;11;30;9924;336;35;92;5
76;3;25;43;54;22;111;9956;312;49;92;5
68;37;47;112;71;44;136;9968;298;88;92;5
83;4;38;11;38;15;75;9934;303;43;92;5
98;44;4;28;36;35;167;9956;297;39;92;5
8;61;38;121;301;24;220;9993;294;48;92;5
7;16;73;1;138;58;150;9936;308;3;92;5
69;34;74;112;69;44;150;9968;3;81;92;5
66;3;24;12;34;17;121;9933;313;36;92;5
66;3;24;12;34;17;121;9933;313;36;92;5
76;18;49;1805;46;36;158;9996;306;41;92;5
76;47;49;13;239;42;220;9988;296;51;92;5
58;15;49;11;48;21;98;9929;319;48;92;5
66;31;38;1605;58;16;165;9997;338;6;92;5
77;3;42;143;45;45;213;9991;318;63;92;5
77;3;42;143;45;45;213;9991;318;63;92;5
77;3;42;143;45;45;213;9991;318;63;92;5
77;3;42;143;45;45;213;9991;318;63;92;5
66;25;36;81;45;54;180;9958;308;42;92;5
66;25;36;81;45;54;180;9958;308;42;92;5
72;47;65;83;83;27;182;9964;3;35;92;5
76;2;26;45;86;37;133;9963;315;42;92;5
8;43;4;124;168;29;190;9991;307;64;92;5
72;25;19;8;44;51;172;9964;316;44;92;5
53;76;3;27;43;27;93;9932;334;38;92;5
71;33;64;132;56;12;105;9972;305;39;92;5
71;33;64;132;56;12;105;9972;305;39;92;5
69;32;13;78;42;11;117;996;323;37;92;5
76;32;58;1675;5;43;163;9999;315;54;92;5
69;32;13;78;42;11;117;996;323;37;92;5
76;32;58;1675;5;43;163;9999;315;54;92;5
68;21;55;146;53;34;159;99805;293;44;92;5
68;21;55;146;53;34;159;99805;293;44;92;5
66;32;24;13;6;425;204;99512;359;51;92;5
62;45;73;72;99;47;202;99582;321;43;92;5
62;44;18;77;96;28;210;99771;356;72;92;5
62;44;18;77;96;28;210;99771;356;72;92;5
76;285;32;146;63;32;201;998;3;45;92;5
76;285;32;146;63;32;201;998;3;45;92;5
66;33;24;1605;45;31;147;99822;308;52;92;5
66;33;24;1605;45;31;147;99822;308;52;92;5
63;24;55;81;4;67;216;99596;324;5;92;5
66;24;38;8;42;56;187;99577;321;46;92;5
68;3;22;62;6;41;190;99858;318;51;92;5
66;34;18;64;82;47;240;9971;342;48;92;5
56;12;26;43;38;18;97;99477;336;46;92;5
66;25;51;8;47;61;189;99604;322;49;92;5
66;25;51;8;47;61;189;99604;322;49;92;5
67;325;82;12;152;49;120;99312;299;38;92;5
69;38;38;131;112;14;94;99792;302;48;92;5
65;25;5;76;47;54;184;99572;317;45;92;5
76;36;49;113;46;87;221;9984;301;43;92;5
76;36;49;113;46;87;221;9984;301;43;92;5
64;28;44;71;48;49;179;99528;315;48;92;5
64;28;44;71;48;49;179;99528;315;48;92;5
64;38;24;72;47;41;151;99604;311;6;92;5
64;38;24;72;47;41;151;99604;311;6;92;5
66;26;22;1815;5;23;139;99904;306;5;92;5
63;2;18;106;45;57;159;99666;309;54;92;5
66;26;22;1815;5;23;139;99904;306;5;92;5
71;21;72;16;167;65;120;99324;297;51;92;5
65;41;22;48;52;49;142;9946;314;62;92;5
65;41;22;48;52;49;142;9946;314;62;92;5
73;25;26;72;48;52;207;99587;312;37;92;5
73;25;26;72;48;52;207;99587;312;37;92;5
73;25;26;72;48;52;207;99587;312;37;92;5
7;34;1;35;44;17;63;9937;301;39;92;5
7;34;1;35;44;17;63;9937;301;39;92;5
69;2;41;11;6;36;104;99317;299;39;92;5
72;4;24;85;55;45;151;99626;32;52;92;5
7;23;42;11;62;35;100;99318;304;4;92;5
72;4;24;85;55;45;151;99626;32;52;92;5
68;27;22;178;34;16;116;9989;307;53;92;5
68;27;22;178;34;16;116;9989;307;53;92;5
64;29;18;15;4;21;116;99736;314;5;92;5
64;29;18;15;4;21;116;99736;314;5;92;5
64;29;18;15;4;21;116;99736;314;5;92;5
76;36;48;135;38;44;116;9982;304;48;92;5
76;35;47;133;37;42;116;99822;304;5;92;5
6;33;26;51;51;16;119;99416;315;41;92;5
6;33;26;51;51;16;119;99416;315;41;92;5
74;38;34;83;52;44;168;99627;311;52;92;5
74;38;34;83;52;44;168;99627;311;52;92;5
62;25;44;158;57;39;167;99804;314;51;92;5
62;25;44;158;57;39;167;99804;314;51;92;5
64;23;35;103;42;54;140;9967;323;47;92;5
64;23;35;103;42;54;140;9967;323;47;92;5
68;22;36;12;52;38;127;9933;304;54;92;5
65;31;14;75;44;34;133;9955;322;5;95;5
74;24;29;101;5;21;105;9962;313;35;95;5
68;3;23;46;61;505;2385;9958;332;6;95;5
74;24;29;101;5;21;105;9962;313;35;95;5
67;24;35;131;5;64;205;997;315;5;95;5
7;29;54;107;46;59;234;9966;305;61;95;5
71;21;27;86;56;26;111;9956;295;52;95;5
71;21;27;86;56;26;111;9956;295;52;95;5
59;25;19;124;47;50;162;9973;335;38;95;5
7;24;51;11;29;55;227;9965;303;61;95;5
58;25;24;133;44;41;137;9972;334;42;95;5
59;21;24;121;44;53;165;9969;325;39;95;5
61;28;25;1775;44;48;161;9993;334;48;95;5
6;29;2;126;45;45;187;9972;333;42;95;5
64;24;28;115;5;34;163;9969;331;45;95;5
64;24;29;114;51;32;166;9968;331;45;95;5
78;28;22;14;56;24;130;9944;328;48;95;5
63;34;28;147;47;49;198;9977;323;46;95;5
75;31;51;148;39;62;204;9982;306;6;95;5
75;31;51;148;39;62;204;9982;306;6;95;5
61;25;24;121;46;51;172;998;335;45;95;5
58;25;28;111;56;45;175;99755;342;43;95;5
76;345;26;19;43;15;134;9936;308;38;95;5
76;345;26;19;43;15;134;9936;308;38;95;5
75;32;26;18;42;13;133;9938;307;38;95;5
62;25;47;116;48;62;210;9968;319;5;95;5
67;26;26;4;79;355;216;9956;331;68;95;5
67;26;26;41;73;36;202;9956;33;67;95;5
57;1;27;13;47;21;100;9928;327;46;95;5
92;28;46;32;58;39;133;996;314;58;95;5
92;28;46;32;58;39;133;996;314;58;95;5
89;34;32;13;41;12;188;9953;317;49;95;5
67;25;23;72;38;61;220;9952;314;35;95;5
61;45;27;8;39;13;82;9927;323;32;95;5
97;14;59;15;49;23;142;9958;298;62;95;5
84;19;43;21;52;20;104;994;285;46;95;5
83;21;41;22;5;24;108;994;285;45;95;5
62;33;29;13;42;26;138;9956;377;64;95;5
63;23;49;71;5;67;210;9951;323;34;95;5
67;41;1;28;48;39;137;9942;324;35;95;5
94;16;23;16;42;14;67;9942;307;32;95;5
66;28;3;78;49;57;202;9958;324;39;95;5
68;35;44;65;56;31;161;9952;314;44;95;5
63;25;44;116;41;48;195;9968;318;52;95;5
95;21;47;13;39;21;123;9959;29;64;95;5
68;33;44;7;5;29;155;9955;314;42;95;5
68;28;44;115;4;58;223;9969;322;56;95;5
66;23;27;56;43;43;164;9953;327;76;95;5
82;17;32;15;5;17;101;994;314;58;95;5
72;24;19;77;45;53;176;9958;317;38;95;5
67;24;33;123;46;31;145;9983;336;4;95;5
67;24;33;123;46;31;145;9983;336;4;95;5
91;33;38;17;62;505;344;9958;31;7;95;5
63;3;24;66;4;38;141;995;322;47;95;5
65;39;81;12;217;14;74;9936;308;53;95;5
68;25;18;14;56;13;137;9935;311;42;95;5
68;25;18;14;56;13;137;9935;311;42;95;5
72;29;2;77;46;51;174;99582;316;52;95;5
74;33;26;156;49;67;210;99907;306;68;95;5
74;33;26;156;49;67;210;99907;306;68;95;5
74;33;26;156;49;67;210;99907;306;68;95;5
74;33;26;156;49;67;210;99907;306;68;95;5
74;33;26;156;49;67;210;99907;306;68;95;5
79;46;4;101;168;19;184;99782;306;62;95;5
66;23;18;85;44;59;188;99558;316;49;95;5
63;41;16;9;32;25;98;99274;316;42;95;5
68;26;43;1175;45;53;198;9969;326;55;95;5
82;26;33;26;53;11;71;99402;289;49;95;5
83;25;33;25;53;12;72;99404;289;48;95;5
68;34;1;14;49;29;118;9936;321;41;95;5
76;25;34;13;56;34;176;99434;31;51;95;5
6;2;24;53;75;49;201;99466;321;43;95;5
7;34;39;69;66;43;162;99561;311;53;95;5
77;43;37;10;169;22;210;99776;302;64;95;5
61;37;2;76;31;49;170;99558;322;48;95;5
67;25;31;135;61;305;218;99388;316;53;95;5
76;17;36;45;42;26;102;99427;309;47;95;5
61;17;42;151;33;28;124;99684;287;47;95;5
61;17;42;151;33;28;124;99684;287;47;95;5
59;19;21;17;45;57;135;99341;332;44;95;5
61;33;32;78;52;52;183;99657;339;65;95;5
61;33;32;78;52;52;183;99657;339;65;95;5
64;37;2;56;117;61;183;99459;324;43;95;5
66;3;45;8;38;54;200;9956;318;48;95;5
64;27;45;83;5;52;196;9955;318;48;95;5
64;34;44;82;43;54;201;99551;318;48;95;5
66;27;52;81;44;53;202;99548;318;48;95;5
64;27;45;83;5;52;196;9955;318;48;95;5
65;26;5;8;51;46;197;99536;318;47;95;5
67;26;49;81;52;48;197;99558;319;48;95;5
64;25;57;1;62;21;122;99238;3;4;95;5
64;25;57;1;62;21;122;99238;3;4;95;5
64;29;57;1;6;15;120;9924;306;41;95;5
64;29;57;1;6;15;120;9924;306;41;95;5
8;25;35;11;54;13;136;99366;308;55;95;5
61;3;47;14;49;50;187;9927;319;45;95;5
61;3;47;14;49;50;187;9927;319;45;95;5
7;44;24;121;56;68;210;99718;305;5;95;5
7;44;24;121;56;68;210;99718;305;5;95;5
7;44;24;121;56;68;210;99718;305;5;95;5
7;44;24;121;56;68;210;99718;305;5;95;5
72;34;23;89;105;22;155;99692;301;58;95;5
64;26;35;77;56;45;191;99527;316;5;95;5
64;24;26;82;54;47;182;99538;312;5;95;5
64;24;26;82;54;47;182;99538;312;5;95;5
64;24;26;82;54;47;182;99538;312;5;95;5
71;31;25;112;48;32;136;99663;314;4;95;5
71;31;25;112;48;32;136;99663;314;4;95;5
64;35;21;21;51;46;171;9932;316;5;95;5
64;26;21;82;5;51;182;99542;323;48;95;5
64;26;21;82;5;51;182;99542;323;48;95;5
63;3;19;77;49;47;184;99514;322;48;95;5
67;23;17;13;61;14;100;9925;307;55;95;5
71;33;18;63;94;27;166;99474;29;49;95;5
66;38;29;24;136;15;93;99336;318;6;95;5
71;12;32;96;54;64;162;9962;34;41;94;5
6;21;24;121;5;55;164;997;334;39;94;5
71;12;32;96;54;64;162;9962;34;41;94;5
59;23;3;129;54;57;170;9972;328;39;94;5
58;26;24;92;44;55;152;9961;331;38;94;5
58;26;24;92;44;55;152;9961;331;38;94;5
57;28;24;175;44;60;167;9989;331;44;94;5
83;39;7;106;45;33;169;9976;309;57;94;5
59;26;27;182;48;52;168;9993;335;44;94;5
69;49;24;12;49;13;125;9932;317;51;94;5
68;29;5;133;53;48;194;9974;309;45;94;5
68;29;5;133;53;48;194;9974;309;45;94;5
84;35;71;122;46;22;160;9982;298;65;94;5
57;18;22;42;42;25;111;994;335;39;94;5
69;41;33;101;43;28;152;9968;32;52;94;5
69;41;33;101;43;28;152;9968;32;52;94;5
71;28;26;19;49;12;86;9934;315;38;94;5
71;28;26;19;49;12;86;9934;315;38;94;5
64;32;5;107;47;57;206;9968;308;6;94;5
64;27;32;45;24;61;174;9948;312;48;94;5
74;31;48;142;42;62;204;9983;306;59;94;5
7;21;34;8;57;19;101;9954;299;59;94;5
6;33;27;8;185;12;188;9924;312;62;94;5
59;26;25;125;34;38;152;9977;333;43;94;5
61;27;3;167;39;49;172;99985;34;45;94;5
68;18;21;54;53;34;104;99445;33;43;94;5
82;38;49;136;42;58;166;99855;31;54;94;5
82;38;49;136;42;58;166;99855;31;54;94;5
82;4;48;137;42;59;169;9986;31;52;94;5
66;3;3;48;17;60;166;9946;318;47;94;5
6;45;65;97;8;11;159;9956;304;48;94;5
59;26;3;1;36;38;114;9928;358;48;94;5
64;28;41;68;45;61;216;9952;309;46;94;5
7;21;28;75;7;45;185;9966;334;55;94;5
72;2;25;45;44;31;109;9949;323;36;94;5
89;33;32;15;47;11;200;9954;319;46;94;5
76;31;29;105;4;21;145;9966;304;35;94;5
7;39;31;53;169;32;162;9965;32;48;94;5
76;31;29;105;4;21;145;9966;304;35;94;5
8;25;49;12;61;27;117;9938;308;34;94;5
89;32;49;16;5;17;131;9956;313;34;94;5
89;32;49;16;5;17;131;9956;313;34;94;5
68;3;24;66;123;35;116;9953;307;48;94;5
68;3;24;66;123;35;116;9953;307;48;94;5
66;37;24;2;64;23;120;9946;332;54;94;5
75;33;39;124;65;29;119;9974;316;39;94;5
76;38;2;34;46;9;116;9944;315;41;94;5
75;33;39;124;65;29;119;9974;316;39;94;5
76;38;2;34;46;9;116;9944;315;41;94;5
7;12;19;49;55;27;127;9953;329;41;94;5
66;22;53;151;52;22;136;9986;294;35;94;5
66;22;53;151;52;22;136;9986;294;35;94;5
7;35;31;18;69;15;162;9944;318;47;94;5
7;35;31;18;69;15;162;9944;318;47;94;5
71;28;19;78;4;48;184;99579;316;5;94;5
71;28;19;78;4;48;184;99579;316;5;94;5
66;41;24;49;158;47;144;99471;317;49;94;5
67;43;23;5;157;49;145;99471;317;49;94;5
66;22;28;1205;58;25;125;99856;345;45;94;5
69;3;21;72;45;54;190;99595;322;48;94;5
74;32;27;129;4;60;221;99831;305;66;94;5
64;28;17;83;42;61;195;99577;322;46;94;5
64;27;17;84;44;60;198;99578;321;47;94;5
69;43;28;94;56;29;183;99594;317;43;94;5
69;43;28;94;56;29;183;99594;317;43;94;5
66;56;15;10;37;38;157;99642;328;52;94;5
66;56;15;10;37;38;157;99642;328;52;94;5
62;33;14;48;52;27;128;99475;321;48;94;5
62;33;14;48;52;27;128;99475;321;48;94;5
66;36;52;113;46;8;110;9966;307;46;94;5
57;255;65;12;79;17;137;99307;32;42;94;5
57;255;65;12;79;17;137;99307;32;42;94;5
65;27;4;10;39;74;227;99582;318;5;94;5
62;26;32;153;31;64;185;99835;331;61;94;5
63;27;46;111;53;44;177;99691;318;67;94;5
65;3;39;78;38;61;219;9959;319;5;94;5
66;36;52;101;5;29;140;99628;307;4;94;5
66;36;52;101;5;29;140;99628;307;4;94;5
69;4;22;595;81;76;303;99705;34;57;94;5
69;4;42;62;66;41;176;99552;312;54;94;5
69;4;43;62;65;42;178;99552;311;53;94;5
68;26;44;82;46;52;183;99584;32;51;94;5
68;35;53;101;53;37;151;9963;307;4;94;5
68;35;53;101;53;37;151;9963;307;4;94;5
68;26;44;82;46;52;183;99584;32;51;94;5
66;45;43;72;64;31;186;9954;312;44;94;5
62;36;14;89;36;38;155;99622;327;5;94;5
62;36;14;89;36;38;155;99622;327;5;94;5
75;33;38;87;126;49;199;99711;298;57;94;5
75;33;38;87;126;49;199;99711;298;57;94;5
66;38;36;92;61;42;214;9976;331;56;94;5
66;38;36;92;61;42;214;9976;331;56;94;5
66;28;42;82;44;60;196;99562;314;48;94;5
66;28;41;7;46;59;194;99558;314;48;94;5
66;28;41;7;46;59;194;99558;314;48;94;5
66;28;42;82;44;60;196;99562;314;48;94;5
67;4;22;88;52;24;113;99576;322;45;94;5
67;4;22;88;52;24;113;99576;322;45;94;5
66;32;41;72;48;55;178;99537;32;46;94;5
67;35;48;88;56;35;167;99628;304;47;94;5
67;35;48;88;56;35;167;99628;304;47;94;5
69;4;17;129;33;59;186;99754;308;49;94;5
69;4;17;129;33;59;186;99754;308;49;94;5
69;4;17;129;33;59;186;99754;308;49;94;5
69;4;17;129;33;59;186;99754;308;49;94;5
65;35;31;102;69;58;170;99692;318;49;94;5
62;28;51;79;56;49;206;9956;318;52;94;5
7;46;2;167;46;50;184;99898;308;56;94;5
63;24;29;16;52;48;185;9934;321;5;94;5
76;48;31;94;46;6;194;99714;307;61;94;5
69;24;4;154;52;81;198;9986;32;69;94;5
69;24;4;154;52;81;198;9986;32;69;94;5
71;46;23;137;45;44;192;9981;311;53;94;5
69;42;2;154;43;57;201;99848;308;54;94;5
72;21;36;157;45;68;183;99922;325;76;94;5
72;21;36;157;45;68;183;99922;325;76;94;5
72;21;36;157;45;68;183;99922;325;76;94;5
64;29;3;65;209;62;156;99478;31;4;94;5
72;585;2;104;86;17;94;99681;313;4;94;5
64;23;26;81;54;47;181;9954;312;49;94;5
72;34;28;104;108;43;187;99738;296;57;94;5
61;34;21;5;42;17;133;99373;302;53;94;5
61;34;21;5;42;17;133;99373;302;53;94;5
73;22;37;155;48;70;203;99899;325;77;94;5
66;24;22;123;51;35;146;99676;31;67;94;5
66;24;22;123;51;35;146;99676;31;67;94;5
59;29;16;79;44;48;197;99512;321;36;94;5
59;29;16;79;44;48;197;99512;321;36;94;5
57;29;16;79;44;48;197;99512;321;36;94;5
69;56;26;109;6;55;193;9969;321;44;94;5
6;32;3;73;174;46;159;99519;318;49;94;5
66;16;4;15;44;48;143;9912;354;52;124;7
66;17;38;15;32;28;112;9914;325;55;114;7
64;31;38;29;38;19;102;9912;317;35;11;7
72;32;36;2;33;37;114;9906;31;71;123;7
74;18;31;14;58;38;167;9931;316;53;10;7
66;25;29;11;68;39;124;9914;334;58;11;7
62;16;33;11;57;21;82;991;332;46;109;7
64;26;24;64;4;27;124;9903;322;49;126;7
71;18;36;14;43;31;87;9898;326;37;127;7
7;32;34;13;42;20;69;9912;331;65;12;7
69;24;33;17;35;47;136;99;326;4;126;7
69;21;33;18;34;48;136;9899;325;41;126;7
75;17;32;17;4;51;148;9916;321;44;115;7
86;265;36;12;34;15;80;9913;295;36;114;7
65;24;32;76;38;48;203;9958;345;54;97;7
61;3;56;28;44;47;179;9924;33;57;109;7
65;24;32;76;38;48;203;9958;345;54;97;7
68;19;36;19;35;30;96;9917;315;54;108;7
63;34;33;46;34;19;80;9917;338;58;12;7
79;22;38;8;43;46;152;9934;312;32;115;7
61;32;24;15;36;38;124;9898;329;42;124;7
61;32;24;15;36;38;124;9898;329;42;124;7
67;46;18;24;34;25;98;9896;308;44;126;7
63;22;43;455;38;31;130;9918;335;33;115;7
68;18;38;14;38;35;111;9918;332;59;112;7
62;25;25;14;3;35;105;9912;33;44;111;7
62;25;25;14;3;35;105;9912;33;44;111;7
7;26;59;14;37;40;120;9918;334;41;111;7
71;21;37;24;26;23;100;9903;315;38;114;7
68;21;27;21;3;26;139;99;316;61;126;7
58;2;27;14;31;12;77;9905;325;36;109;7
56;19;26;14;3;12;76;9905;325;37;109;7
7;3;49;47;36;17;105;9916;326;68;124;7
72;23;39;142;58;49;192;9979;298;48;9;7
72;23;39;142;58;49;192;9979;298;48;9;7
72;23;39;142;58;49;192;9979;298;48;9;7
72;23;39;142;58;49;192;9979;298;48;9;7
62;28;22;73;41;26;157;9957;344;64;98;7
72;19;46;38;41;82;187;9932;319;6;112;7
62;33;27;49;36;30;134;9927;32;42;104;7
61;36;27;21;35;16;100;9917;34;71;115;7
59;3;47;785;3;19;133;9933;352;43;115;7
6;1;24;11;41;15;65;9927;361;61;103;7
66;18;35;15;49;49;141;9934;343;85;102;7
74;2;43;78;45;27;153;9964;319;55;9;7
56;34;1;13;31;20;68;9906;336;51;112;7
63;12;36;21;44;47;146;9914;327;74;114;7
73;33;4;685;38;32;138;992;303;3;119;7
73;33;4;685;38;32;138;992;303;3;119;7
68;16;4;23;37;18;102;9923;349;42;114;7
6;26;32;35;28;29;113;9912;34;71;123;7
51;33;22;16;27;18;89;9893;351;38;125;7
51;33;22;16;27;18;89;9893;351;38;125;7
73;2;44;14;45;21;98;9924;315;46;10;7
73;2;44;14;45;21;98;9924;315;46;10;7
6;36;39;32;27;20;125;991;338;39;113;7
51;33;22;16;27;18;89;9893;351;38;125;7
5;17;56;15;26;24;115;9906;348;39;108;7
7;3;38;149;32;60;181;9983;318;61;93;7
7;3;38;149;32;60;181;9983;318;61;93;7
58;28;34;4;31;40;99;9896;339;39;128;7
7;22;31;27;3;41;136;9898;316;37;127;7
69;23;38;83;47;47;162;9954;334;52;105;7
74;155;34;23;45;735;214;9934;318;61;99;7
69;2;37;62;27;24;97;992;338;49;122;7
74;155;34;23;45;735;214;9934;318;61;99;7
67;22;37;16;28;24;102;9913;329;59;116;7
64;28;29;16;52;34;127;9929;348;56;105;7
59;46;14;27;42;27;160;9931;346;51;106;7
6;27;27;16;46;32;113;9924;341;51;105;7
64;28;29;16;52;34;127;9929;348;56;105;7
63;23;31;15;22;11;82;9892;33;4;129;7
7;17;31;48;34;34;132;9944;336;48;96;7
74;28;36;11;28;42;105;9893;299;39;124;7
71;23;39;16;32;12;65;9898;325;4;127;7
6;24;27;19;48;40;170;9938;364;54;10;7
6;24;27;19;48;40;170;9938;364;54;10;7
78;28;32;9;36;34;115;9952;317;39;103;7
65;18;31;17;44;30;127;9928;349;5;102;7
7;3;51;136;5;40;168;9976;307;52;96;7
92;25;34;12;26;31;93;9916;293;37;113;7
78;28;34;16;28;32;118;9901;3;38;121;7
7;3;51;136;5;40;168;9976;307;52;96;7
78;28;34;16;28;32;118;9901;3;38;121;7
92;25;34;12;26;31;93;9916;293;37;113;7
67;21;42;91;49;31;150;9953;312;74;99;7
74;3;22;14;46;16;135;9928;308;77;104;7
65;28;29;27;38;26;107;9912;332;41;116;7
72;2;34;27;32;49;151;99;316;39;127;7
74;2;33;19;35;39;138;991;317;44;117;7
71;22;33;28;33;48;153;9899;315;38;127;7
65;28;29;27;38;26;107;9912;332;41;116;7
6;38;26;6;34;42;134;9912;338;38;123;7
61;32;25;17;34;37;136;992;347;5;108;7
69;28;27;21;36;42;121;9926;342;49;108;7
63;27;38;9;51;7;140;9926;345;5;105;7
69;19;4;14;36;14;55;9909;308;68;115;7
78;32;33;24;37;18;101;9912;321;65;117;7
56;235;29;12;47;33;127;991;334;5;11;7
71;26;34;144;67;35;189;9986;307;53;91;7
71;26;34;144;67;35;189;9986;307;53;91;7
71;26;34;144;67;35;189;9986;307;53;91;7
71;26;34;144;67;35;189;9986;307;53;91;7
65;21;37;25;48;70;138;9917;333;75;114;7
68;25;34;14;32;47;133;9952;337;5;122;7
58;32;38;475;33;23;94;991;342;42;118;7
58;32;38;475;33;23;94;991;342;42;118;7
57;32;38;475;33;23;94;991;342;42;118;7
68;22;35;55;43;21;114;9938;33;53;107;7
67;17;37;2;39;34;125;9922;326;6;108;7
59;34;22;24;3;19;135;9894;341;78;139;7
62;21;27;17;38;41;150;9933;349;71;105;7
62;21;27;17;38;41;150;9933;349;71;105;7
74;29;5;18;42;35;127;9937;345;5;102;7
78;3;4;18;28;23;122;9914;314;39;109;7
64;24;31;28;38;41;114;99155;337;66;117;7
88;28;45;6;22;14;49;9934;301;33;111;7
71;21;31;38;21;40;142;99215;317;39;108;7
71;28;44;18;32;32;107;9907;325;48;122;7
71;14;4;12;51;55;136;9932;33;96;98;7
71;13;4;12;47;54;134;9932;33;97;98;7
67;11;34;88;43;41;113;9962;342;4;93;7
67;11;34;88;43;41;113;9962;342;4;93;7
68;12;31;52;45;29;120;9942;341;46;98;7
66;16;57;11;13;58;140;9927;312;39;93;7
66;21;6;11;135;61;144;9927;312;39;93;7
69;22;37;15;53;59;178;9992;337;82;95;7
69;22;37;15;53;59;178;9992;337;82;95;7
58;34;16;7;37;26;116;9949;346;45;10;7
66;21;31;114;39;46;165;99795;341;44;98;7
71;16;36;107;44;20;90;9959;316;44;109;7
71;16;36;12;43;21;90;9925;316;42;11;7
75;34;35;6;34;12;126;9924;316;39;12;7
76;33;35;63;36;12;126;9924;316;39;12;7
87;23;32;134;44;35;169;99975;312;47;88;7
87;23;32;134;44;35;169;99975;312;47;88;7
69;19;35;17;36;33;101;99315;321;54;108;7
87;23;32;134;44;35;169;99975;312;47;88;7
69;19;35;17;36;33;101;99315;321;54;108;7
69;18;36;13;36;40;117;9934;327;95;95;7
69;18;36;13;36;40;117;9934;327;95;95;7
74;2;35;21;38;30;116;9949;349;77;103;7
67;22;39;102;38;60;149;99725;317;54;10;7
73;25;42;142;41;57;182;9996;329;75;91;7
69;18;36;13;36;40;117;9934;327;95;95;7
73;28;42;144;4;49;173;9994;328;82;9;7
71;21;32;22;37;28;141;993;32;57;10;7
71;21;32;22;37;28;141;993;32;57;10;7
61;34;27;26;24;20;105;9906;34;67;122;7
65;3;32;2;44;34;90;99185;337;68;11;7
65;3;32;2;44;34;90;99185;337;68;11;7
58;26;18;12;31;40;114;9908;342;4;11;7
7;31;29;14;37;33;128;9896;312;36;122;7
58;26;18;12;31;40;114;9908;342;4;11;7
66;2;38;79;52;30;145;9947;332;56;11;7
74;13;39;47;42;36;137;995;336;56;103;7
86;18;4;11;4;20;107;9923;294;32;102;7
7;11;32;46;57;59;144;9956;355;44;94;7
67;25;33;29;57;52;173;9934;302;48;95;7
77;17;52;59;17;21;84;9929;314;4;119;7
77;24;29;153;44;39;194;9982;306;47;96;7
54;415;19;16;39;27;88;99265;354;41;10;7
69;48;36;35;3;31;135;9904;314;38;122;7
65;18;33;8;51;16;131;9965;328;44;87;7
67;15;29;5;58;28;105;9946;352;44;102;7
66;23;32;9;41;25;79;9926;339;54;102;7
66;2;32;11;39;25;78;9926;339;54;102;7
8;42;36;5;37;34;101;992;313;57;123;7
65;8;33;19;28;23;93;991;334;7;12;7
55;42;9;16;19;18;68;9906;333;51;114;7
51;42;1;15;17;25;102;9894;338;36;123;7
6;27;19;17;2;24;110;9898;332;47;126;7
65;8;33;19;28;23;93;991;334;7;12;7
77;28;33;67;37;32;155;9951;339;62;107;7
77;28;33;67;37;32;155;9951;339;62;107;7
77;28;39;89;36;8;117;9935;306;38;12;7
76;21;6;21;46;47;165;9936;305;54;101;7
8;19;36;18;5;16;84;9936;315;45;98;7
69;24;39;13;63;18;136;9928;331;48;104;7
66;22;37;12;59;45;199;993;337;55;103;7
77;16;41;17;48;60;173;9932;324;66;112;7
86;2;42;15;41;35;125;9925;311;49;114;7
86;2;42;15;41;35;125;9925;311;49;114;7
7;24;35;15;52;51;128;9941;341;59;104;7
71;15;34;53;34;33;104;9953;337;52;93;7
72;21;37;16;49;23;94;9924;316;48;109;7
8;26;36;2;54;30;121;992;309;72;116;7
75;19;34;26;37;33;125;9923;31;49;111;7
88;33;44;635;24;9;87;9917;296;4;126;7
8;37;32;16;4;32;166;992;3;55;113;7
82;29;33;91;36;28;118;9953;296;4;109;7
64;4;19;32;33;28;124;9904;322;54;127;7
68;15;33;47;59;31;118;9956;343;39;9;7
63;23;21;51;35;29;142;9942;336;33;101;7
7;17;33;4;34;17;127;9934;319;39;106;7
84;17;31;67;38;29;132;9945;31;32;106;7
63;23;21;51;35;29;142;9942;336;33;101;7
58;29;21;26;25;12;120;9894;339;79;14;7
55;32;45;49;28;25;191;9922;351;49;115;7
72;37;15;2;29;27;87;9903;33;59;126;7
61;29;27;17;24;13;76;9893;321;51;126;7
72;37;15;2;29;27;87;9903;33;59;126;7
66;25;39;145;4;40;89;9911;335;4;114;7
65;115;29;195;38;73;166;989;312;25;129;7
64;125;29;585;42;24;99;992;323;32;12;7
79;25;29;53;31;33;117;9918;306;32;118;7
66;25;41;74;43;29;151;9946;315;6;102;7
63;32;35;111;39;29;198;9984;336;5;94;7
79;46;32;41;33;40;138;9912;318;44;128;7
69;25;26;52;24;36;135;9948;316;72;107;7
73;22;4;1475;42;445;1295;9998;336;41;91;7
69;25;26;52;24;36;135;9948;316;72;107;7
73;22;4;1475;42;445;1295;9998;336;41;91;7
74;25;37;69;2;14;93;9939;3;48;107;7
7;17;37;15;28;26;75;9922;33;46;108;7
59;4;32;6;34;50;127;992;351;58;125;7
72;23;39;23;33;29;102;9908;326;54;123;7
72;23;39;23;33;29;102;9908;326;54;123;7
79;41;37;45;3;40;114;992;317;54;124;7
79;44;37;585;33;27;93;992;316;54;126;7
71;44;37;27;41;35;128;9896;307;43;135;7
74;18;42;21;36;33;187;9938;34;41;106;7
81;43;42;66;33;36;141;9918;298;39;133;7
71;44;37;27;41;35;128;9896;307;43;135;7
8;2;4;52;55;41;167;9953;318;4;106;7
72;18;31;11;45;20;73;9925;332;4;108;7
53;26;23;515;34;48;160;9952;382;51;105;7
73;25;41;18;37;52;165;9911;329;39;122;7
69;31;34;74;59;36;174;9963;346;62;111;7
77;27;34;18;28;26;168;9911;299;48;121;7
77;27;34;18;28;26;168;9911;299;48;121;7
66;16;29;18;5;40;147;9912;306;44;114;7
83;21;4;16;32;35;110;9907;302;6;129;7
72;32;33;14;29;29;109;9902;315;51;128;7
73;42;38;68;45;29;122;9925;319;37;126;7
79;14;45;18;5;17;114;9948;333;49;107;7
77;32;48;23;4;28;114;9911;32;52;128;7
7;46;39;62;39;46;163;9928;321;35;122;7
82;35;4;63;39;35;162;9936;315;34;119;7
8;57;39;39;34;22;122;9917;329;67;128;7
65;37;33;39;27;40;130;9906;328;39;127;7
65;19;32;14;4;31;132;9922;336;54;108;7
64;25;33;14;4;42;115;9906;319;48;113;7
83;26;41;92;42;41;162;9944;31;38;12;7
69;23;34;27;32;24;121;9902;314;38;124;7
62;3;32;17;32;30;130;9911;328;41;112;7
69;38;32;85;44;36;152;9932;338;35;12;7
56;49;13;45;39;17;116;9907;342;9;137;7
73;18;29;12;44;12;143;9918;32;48;113;7
56;49;13;45;39;17;116;9907;342;9;137;7
69;19;33;16;39;27;98;9898;309;46;123;7
73;18;29;12;44;12;143;9918;32;48;113;7
73;25;36;131;5;35;200;9986;304;46;89;7
73;25;36;131;5;35;200;9986;304;46;89;7
73;25;36;131;5;35;200;9986;304;46;89;7
73;25;36;131;5;35;200;9986;304;46;89;7
76;14;74;16;4;27;103;9916;307;4;108;7
82;18;49;11;33;28;81;9923;3;68;104;7
65;36;49;29;3;16;94;9902;31;49;121;7
82;18;49;11;33;28;81;9923;3;68;104;7
76;52;49;14;34;37;156;9958;314;38;118;7
71;25;49;3;3;30;96;9903;313;39;123;7
76;52;49;14;34;37;156;9958;314;38;118;7
76;29;49;96;3;45;197;9938;313;38;123;7
68;27;49;12;44;35;126;99;313;48;121;7
74;19;49;93;3;26;132;994;299;32;11;7
68;36;24;46;39;24;124;9909;327;34;126;7
92;18;49;15;41;39;130;9945;304;49;98;7
73;22;49;94;34;29;134;9939;299;32;11;7
74;19;49;93;3;26;132;994;299;32;11;7
81;3;49;81;37;26;174;9943;31;3;112;7
75;23;49;77;49;61;209;9941;314;3;111;7
73;21;49;18;38;44;152;9912;332;44;126;7
69;3;49;76;57;25;156;9962;343;63;11;7
79;42;49;82;56;32;164;9965;329;6;112;7
69;24;49;13;32;35;148;9932;345;57;107;7
71;34;49;15;27;26;126;99;33;33;122;7
84;24;49;74;39;46;108;9934;303;33;119;7
56;41;24;19;34;10;53;98815;332;5;135;7
58;19;49;49;4;44;118;9935;334;38;95;7
81;2;49;118;48;46;212;9968;309;46;10;7
78;26;49;32;27;28;87;9919;303;32;113;7
8;14;49;15;35;42;120;9928;326;4;106;7
78;26;49;32;27;28;87;9919;303;32;113;7
9;17;49;1;39;46;131;993;309;51;105;7
74;19;49;67;37;15;110;9938;32;38;11;7
73;19;49;1555;58;50;134;9998;342;36;91;7
81;3;49;123;49;50;144;9971;309;57;102;7
73;19;49;1555;58;50;134;9998;342;36;91;7
75;24;49;94;48;50;149;9962;317;59;105;7
78;21;49;12;36;20;99;99;305;28;121;7
76;31;49;395;44;27;131;9912;308;67;128;7
67;21;49;14;47;30;114;9914;292;42;108;7
79;18;33;12;33;20;72;9922;312;38;105;7
73;26;33;1785;49;415;195;1;306;44;91;7
73;26;33;1785;49;415;195;1;306;44;91;7
76;2;39;26;44;30;180;9941;346;44;108;7
82;15;48;27;52;24;190;995;35;45;109;7
74;23;25;14;49;43;141;9934;342;54;102;7
64;17;27;15;37;20;98;9916;346;42;11;7
67;24;29;68;38;54;127;9932;333;46;116;7
74;33;26;26;4;29;115;9913;307;52;118;7
78;2;24;16;26;26;189;991;308;74;121;7
82;42;29;41;3;31;100;9911;3;32;128;7
82;42;29;41;3;31;100;9911;3;32;128;7
77;44;24;112;31;41;167;9948;312;43;113;7
77;44;24;112;31;41;167;9948;312;43;113;7
74;49;24;151;3;34;153;9953;313;51;12;7
77;44;24;112;31;41;167;9948;312;43;113;7
74;49;24;151;3;34;153;9953;313;51;12;7
72;24;29;22;37;37;102;992;327;64;11;7
72;24;29;22;37;37;102;992;327;64;11;7
71;25;25;16;46;50;181;9925;32;42;11;7
64;18;31;16;49;36;127;9934;36;67;104;7
68;24;35;64;48;44;172;9944;329;55;105;7
73;13;31;23;54;22;104;9924;324;92;115;7
74;21;27;73;31;41;144;9932;315;38;118;7
67;44;31;19;3;41;104;99;329;62;126;7
72;36;36;57;38;26;98;9914;293;59;125;7
72;36;36;57;38;26;98;9914;293;59;125;7
81;26;33;111;52;525;158;9976;303;49;102;7
73;13;27;46;8;34;172;9938;323;39;111;7
72;19;31;14;46;37;135;9939;334;57;102;7
81;31;36;82;28;29;142;9925;301;34;13;7
8;23;35;92;44;53;186;997;309;56;95;7
8;4;33;77;34;27;98;9935;318;41;122;7
63;41;33;47;23;28;110;991;33;38;125;7
7;2;34;21;49;12;136;9922;325;46;116;7
63;28;24;845;31;32;172;9958;339;57;97;7
67;31;31;49;31;20;151;9926;336;82;12;7
71;33;25;16;3;25;126;9901;322;34;121;7
65;14;32;27;37;18;89;9924;34;74;115;7
6;34;24;54;6;23;126;9951;325;44;9;7
75;18;31;117;51;24;94;997;319;44;95;7
66;23;24;39;45;36;138;9922;315;64;113;7
74;24;26;16;58;53;150;9936;318;5;99;7
65;24;36;22;27;36;134;9898;328;36;125;7
71;2;36;116;42;45;124;997;292;59;95;7
71;2;36;116;42;45;124;997;292;59;95;7
75;31;24;71;31;28;141;99397;316;38;106;7
74;18;29;14;42;34;101;99384;354;6;105;7
73;19;25;14;51;41;107;99382;353;66;105;7
73;19;25;14;51;41;107;99382;353;66;105;7
74;18;24;14;47;21;106;99383;352;64;105;7
7;32;31;64;31;38;115;99235;338;58;122;7
69;28;31;72;4;47;168;9946;329;57;106;7
7;32;31;64;31;38;115;99235;338;58;122;7
73;3;33;23;43;28;125;99084;334;44;126;7
7;22;26;28;36;44;132;99078;334;41;12;7
74;2;31;16;38;34;116;9912;325;39;12;7
66;4;32;17;35;39;84;99096;359;48;127;7
7;18;26;14;44;46;89;99256;339;48;107;7
76;48;33;7;24;14;130;9918;325;45;125;7
63;1;24;6;39;25;107;99511;359;49;105;7
64;17;34;15;91;42;135;9938;325;49;96;7
81;4;32;79;31;23;118;99176;305;46;133;7
73;19;27;16;27;35;136;99248;338;54;11;7
7;26;26;108;39;37;184;99787;347;58;103;7
56;35;4;63;22;23;174;9922;354;5;116;7
61;27;31;15;35;17;83;99076;332;44;111;7
61;27;31;15;35;17;83;99076;332;44;111;7
71;34;31;52;32;36;140;99166;335;47;123;7
65;18;33;14;29;35;138;99114;336;6;115;7
65;18;33;14;29;35;138;99114;336;6;115;7
63;13;42;11;43;63;146;99066;313;72;112;7
64;15;44;12;43;67;150;9907;314;73;112;7
63;13;42;11;43;63;146;99066;313;72;112;7
64;15;44;12;43;67;150;9907;314;73;112;7
63;13;42;11;43;63;146;99066;313;72;112;7
69;21;24;18;21;17;80;98992;315;46;123;7
58;3;27;17;14;45;104;98914;34;56;126;7
54;5;13;5;28;12;107;99079;348;88;135;7
68;11;42;11;42;51;132;99059;318;74;113;7
67;3;29;28;25;37;107;99159;331;63;113;7
67;3;29;28;25;37;107;99159;331;63;113;7
67;3;29;28;25;37;107;99159;331;63;113;7
65;18;41;142;39;47;129;99678;328;72;103;7
65;18;41;142;39;47;129;99678;328;72;103;7
65;18;41;142;39;47;129;99678;328;72;103;7
66;26;21;29;26;48;126;99089;322;38;113;7
66;26;21;29;26;48;126;99089;322;38;113;7
65;18;41;142;39;47;129;99678;328;72;103;7
8;24;26;17;33;36;136;99316;344;51;104;7
78;17;23;17;29;39;128;99272;337;41;107;7
57;18;36;12;46;9;71;99199;37;68;109;7
73;22;31;23;18;45;80;98936;306;34;129;7
645;14;42;12;5;51;129;99116;327;69;111;7
65;15;44;126;52;65;158;99688;326;7;103;7
62;21;34;66;3;36;91;9914;332;45;125;7
59;34;31;2;3;38;142;98892;34;41;129;7
66;12;25;14;39;21;131;99114;32;45;112;7
59;34;31;2;3;38;142;98892;34;41;129;7
72;35;25;56;32;23;120;99334;293;66;103;7
72;32;24;56;33;23;120;99334;292;66;103;7
7;16;36;26;29;28;98;99126;311;37;112;7
65;46;31;5;27;15;72;99165;326;6;115;7
76;4;27;52;3;32;101;99172;322;62;123;7
65;29;31;17;35;24;79;99053;327;69;114;7
65;29;31;17;35;24;79;99053;327;69;114;7
67;44;22;43;32;19;99;99015;326;53;128;7
64;44;44;144;48;29;228;99955;326;54;88;7
62;29;32;36;26;39;138;9892;331;37;131;7
76;39;32;36;35;22;93;99144;308;6;125;7
76;39;32;36;35;22;93;99144;308;6;125;7
69;31;32;16;36;34;114;99068;319;45;114;7
67;16;37;13;36;45;125;98964;319;51;124;7
58;32;31;27;49;25;153;99067;344;73;122;7
78;26;31;36;25;22;100;99066;299;47;121;7
58;32;31;27;49;25;153;99067;344;73;122;7
67;19;39;1;32;14;71;98912;331;38;13;7
67;19;39;1;32;14;71;98912;331;38;13;7
64;14;31;12;34;53;138;99084;338;35;115;7
64;14;31;12;34;53;138;99084;338;35;115;7
69;15;29;23;33;14;82;99132;31;58;112;7
58;22;29;9;34;34;89;98936;314;36;111;7
65;22;29;74;28;16;87;99311;315;56;109;7
69;15;29;23;33;14;82;99132;31;58;112;7
69;33;26;5;27;46;143;9924;325;43;112;7
56;18;58;125;34;29;129;98984;351;6;12;7
69;33;26;5;27;46;143;9924;325;43;112;7
56;18;58;125;34;29;129;98984;351;6;12;7
67;48;32;14;21;22;121;9889;315;53;127;7
67;48;32;14;21;22;121;9889;315;53;127;7
42;17;36;18;29;93;161;98999;365;89;12;7
54;23;36;15;3;74;121;98976;324;99;121;7
68;475;33;395;47;16;81;98988;323;53;134;7
7;28;32;775;32;30;114;99158;312;64;128;7
62;16;34;17;38;85;153;9909;333;86;12;7
64;125;36;14;44;22;68;99014;315;5;117;7
65;22;32;22;28;36;92;99076;327;59;119;7
64;25;32;9;34;40;114;99114;331;58;108;7
65;22;32;22;28;36;92;99076;327;59;119;7
71;36;4;195;33;26;118;98934;32;45;135;7
7;31;31;91;36;45;140;99216;298;31;12;7
7;31;31;91;36;45;140;99216;298;31;12;7
73;4;26;545;16;26;90;98951;284;54;132;7
77;11;34;1405;4;41;114;99634;307;59;11;7
75;38;29;49;21;38;113;99026;308;48;13;7
67;36;26;79;34;39;123;99119;299;3;122;7
61;38;42;5;16;31;113;99007;315;31;124;7
72;19;31;63;34;17;103;99305;315;52;114;7
5;27;32;45;32;58;178;98956;345;31;126;7
66;2;27;109;38;29;130;99496;311;44;105;7
66;2;27;109;38;29;130;99496;311;44;105;7
72;19;31;63;34;17;103;99305;315;52;114;7
5;27;32;45;32;58;178;98956;345;31;126;7
5;3;33;37;3;54;173;9887;336;3;13;7
54;22;29;12;45;69;152;99178;376;63;11;7
6;24;33;25;26;31;85;99014;313;5;113;7
56;2;66;102;43;78;175;9945;298;43;104;7
65;36;38;102;28;20;82;99274;31;43;121;7
64;15;4;15;42;23;87;98972;311;46;122;7
58;31;32;45;24;28;94;98906;325;52;137;7
58;31;32;45;24;28;94;98906;325;52;137;7
62;36;38;32;31;20;89;98956;306;33;12;7
7;25;45;23;45;40;118;99064;316;48;119;7
68;13;39;14;34;19;102;99121;323;6;113;7
51;33;27;67;22;44;129;99221;336;39;11;7
67;34;4;21;33;34;111;98924;297;48;122;7
67;14;51;43;28;57;124;99176;291;54;107;7
7;25;45;23;45;40;118;99064;316;48;119;7
65;23;39;19;36;41;98;99;319;43;119;7
67;21;37;25;34;35;89;9913;325;5;11;7
65;23;39;19;36;41;98;99;319;43;119;7
59;28;39;14;31;47;147;98836;308;64;129;7
72;17;37;69;59;47;128;99322;308;46;11;7
59;33;32;81;38;9;34;9911;322;36;127;7
68;39;34;74;2;38;133;99212;318;44;12;7
68;39;34;74;2;38;133;99212;318;44;12;7
71;36;37;48;19;39;114;99036;308;49;127;7
68;39;34;74;2;38;133;99212;318;44;12;7
71;36;37;48;19;39;114;99036;308;49;127;7
56;28;4;61;34;36;118;99144;321;43;121;7
62;1;41;1;4;17;76;98988;314;56;114;7
67;18;37;13;27;42;125;98939;324;37;128;7
64;22;38;91;44;35;127;99326;297;3;11;7
64;22;38;91;44;35;127;99326;297;3;11;7
68;21;4;63;32;40;121;99214;318;53;12;7
52;31;36;51;31;46;145;9897;314;31;124;7
56;42;34;24;22;34;97;98915;322;38;128;7
64;22;38;91;44;35;127;99326;297;3;11;7
68;45;36;5;33;28;156;991;311;4;124;7
66;29;39;675;31;22;98;9913;315;8;129;7
62;35;31;26;36;37;92;98938;327;53;128;7
66;33;4;265;41;35;86;98916;311;39;133;7
62;2;26;11;47;42;119;99158;348;6;11;7
64;23;35;46;39;43;147;99216;318;4;11;7
66;34;24;33;34;29;99;99031;31;4;123;7
58;3;42;11;36;19;113;98871;31;46;126;7
66;34;24;33;34;29;99;99031;31;4;123;7
67;21;36;855;2;20;86;99146;319;22;134;7
64;25;37;45;39;41;147;9921;318;4;111;7
64;23;35;46;39;43;147;99216;318;4;11;7
65;32;34;57;44;27;91;99184;328;6;12;7
75;22;32;24;45;29;100;99135;308;6;113;7
64;23;32;19;38;40;118;99074;332;53;118;7
64;16;25;14;57;21;125;99091;323;44;111;7
67;12;36;23;39;43;125;99229;307;67;101;7
68;21;31;29;46;40;121;9913;307;65;109;7
68;23;31;28;47;40;122;99126;306;64;109;7
68;21;31;29;46;40;121;9913;307;65;109;7
68;17;35;18;4;29;84;98961;291;57;12;7
68;32;32;87;29;31;105;99146;3;34;123;7
63;22;34;5;32;36;93;99012;327;36;135;7
63;19;29;2;22;33;96;98902;304;54;128;7
67;46;27;52;39;35;96;99129;316;44;124;7
63;3;29;21;48;33;142;98956;322;46;129;7
6;19;29;11;47;67;152;9916;354;59;111;7
73;145;33;11;42;14;64;99012;31;37;118;7
58;18;37;12;36;19;74;98853;309;49;127;7
66;16;35;18;42;26;105;98962;319;75;124;7
58;17;36;13;36;11;70;99202;343;68;104;7
6;22;33;122;33;25;97;99356;317;42;113;7
71;18;49;13;33;12;72;99072;305;53;113;7
76;2;26;48;33;26;76;99076;298;49;123;7
69;28;24;21;34;49;121;98882;298;43;132;7
65;28;34;36;4;29;121;99111;328;48;121;7
69;19;35;69;45;51;125;9933;31;44;107;7
65;28;34;36;4;29;121;99111;328;48;121;7
89;3;35;46;32;32;148;99458;315;45;115;7
89;3;35;46;32;32;148;99458;315;45;115;7
62;255;27;13;37;30;86;98834;305;59;129;7
59;27;27;5;35;14;97;99058;31;33;118;7
67;47;29;475;34;29;134;99056;329;46;13;7
66;21;29;535;29;43;106;99112;293;43;115;7
66;21;29;535;29;43;106;99112;293;43;115;7
61;105;31;13;37;55;145;9912;341;41;111;7
58;32;2;26;27;17;123;98936;336;78;139;7
62;3;31;16;35;40;106;98914;326;39;129;7
76;31;24;18;37;39;150;9913;305;44;118;7
61;36;26;815;35;14;88;99031;306;27;13;7
75;21;32;48;56;39;113;99393;311;52;102;7
76;31;24;18;37;39;150;9913;305;44;118;7
6;28;27;155;36;31;134;99408;319;44;13;7
6;28;27;155;36;31;134;99408;319;44;13;7
6;28;27;155;36;31;134;99408;319;44;13;7
69;33;31;42;4;21;93;9896;318;48;134;7
65;16;34;14;29;29;133;99108;333;64;115;7
6;2;32;3;31;26;118;99134;338;68;112;7
68;19;33;13;31;22;87;98987;308;62;123;7
72;33;34;2;44;61;171;98947;325;53;133;7
66;29;29;18;36;38;102;98819;308;42;137;7
69;33;62;75;38;46;132;99143;323;43;134;7
59;23;24;38;38;61;152;99139;331;5;113;7
71;35;27;31;34;28;134;9897;326;38;131;7
65;28;25;48;29;54;128;99074;317;44;122;7
48;21;21;102;37;17;112;99324;366;48;122;7
78;15;34;11;35;31;93;99096;307;72;113;7
73;23;27;26;35;39;120;99138;304;59;113;7
72;26;24;7;23;19;130;99176;314;49;128;7
7;24;35;1;32;42;104;98988;316;37;117;7
66;19;35;15;37;37;107;99006;318;68;12;7
56;28;27;39;43;52;158;99202;335;44;107;7
68;19;32;76;49;37;107;99332;312;44;107;7
72;16;29;1;31;40;123;98958;312;4;121;7
58;2;24;14;33;65;169;99043;359;56;123;7
66;295;24;16;39;29;140;99304;335;61;104;7
7;32;27;71;27;37;122;99165;315;6;126;7
71;27;24;126;44;48;118;99726;304;56;10;7
71;27;24;126;44;48;118;99726;304;56;10;7
76;31;27;88;21;57;156;99442;308;38;11;7
65;26;39;14;2;12;66;99089;325;75;113;7
87;3;34;48;18;23;127;99474;312;49;112;7
64;29;32;24;14;34;89;99008;324;66;125;7
64;24;23;2;46;30;133;9908;312;54;114;7
72;33;22;45;31;10;73;99076;297;52;122;7
64;29;24;32;37;31;95;98942;29;66;126;7
68;52;26;57;38;27;130;99;311;27;13;7
68;21;26;117;38;61;152;99523;302;56;105;7
59;37;32;16;29;41;102;98916;341;55;127;7
68;3;29;62;25;29;95;99071;303;32;129;7
71;2;27;96;37;19;105;99444;304;37;105;7
64;16;44;12;51;39;122;99058;311;75;113;7
56;21;24;44;27;37;150;991;33;31;115;7
71;2;27;96;37;19;105;99444;304;37;105;7
64;16;44;12;51;39;122;99058;311;75;113;7
63;34;27;25;24;40;152;99095;335;6;119;7
62;2;33;54;28;21;75;99012;336;41;135;7
65;32;45;77;22;31;97;99134;32;7;127;7
56;19;31;27;27;11;100;98964;346;4;132;7
63;43;32;88;42;18;106;99172;328;33;129;7
71;44;23;58;35;24;100;99062;315;57;132;7
48;26;23;106;34;23;111;99274;346;28;115;7
59;17;29;31;3;32;123;98913;341;33;137;7
66;32;26;46;31;26;120;99198;34;73;125;7
66;39;22;4;38;17;98;99018;325;53;13;7
74;22;27;16;57;45;98;99299;329;44;99;7
85;23;34;13;35;54;110;99176;307;55;11;7
5;455;18;19;36;33;106;98746;321;83;14;7
62;39;24;48;37;45;138;99174;323;43;112;7
62;39;24;48;37;45;138;99174;323;43;112;7
62;39;24;48;37;45;138;99174;323;43;112;7
47;455;18;19;36;33;106;98746;321;83;14;7
61;3;32;22;42;41;142;98952;331;44;127;7
72;58;27;58;32;40;118;99088;317;53;13;7
6;34;32;38;44;13;116;99108;339;44;118;7
67;18;31;106;35;42;143;99572;308;49;98;7
61;24;26;17;33;61;134;9903;319;81;119;7
7;32;29;76;25;35;124;99162;315;65;128;7
65;29;53;17;4;41;192;9922;326;59;104;7
63;22;27;45;36;81;157;9928;305;76;107;7
61;24;26;17;33;61;134;9903;319;81;119;7
7;32;29;76;25;35;124;99162;315;65;128;7
67;19;32;37;41;26;76;99173;29;57;105;7
67;28;34;89;48;32;111;99455;325;54;11;7
67;28;34;89;48;32;111;99455;325;54;11;7
67;28;34;89;48;32;111;99455;325;54;11;7
6;26;29;31;41;37;144;98944;322;39;128;7
65;38;26;52;42;33;112;99067;306;5;123;7
6;26;29;31;41;37;144;98944;322;39;128;7
74;16;27;155;5;25;135;9984;29;43;87;7
74;16;27;155;5;25;135;9984;29;43;87;7
74;16;27;155;5;25;135;9984;29;43;87;7
74;16;27;155;5;25;135;9984;29;43;87;7
74;16;27;155;5;25;135;9984;29;43;87;7
74;16;27;155;5;25;135;9984;29;43;87;7
75;16;38;127;43;705;163;99706;315;82;104;7
69;45;27;47;35;17;80;99058;312;36;125;7
69;3;45;14;39;36;122;99059;307;47;111;7
65;4;31;35;46;22;147;99024;315;31;12;7
6;13;36;16;52;23;72;98974;31;5;115;7
63;34;31;6;2;18;68;98981;322;29;134;7
68;18;35;54;54;53;143;99287;31;54;11;7
71;13;29;155;64;56;1155;99737;316;41;97;7
68;18;35;54;54;53;143;99287;31;54;11;7
66;22;35;14;5;23;83;99019;317;48;12;7
58;23;31;35;44;35;158;98998;319;37;121;7
67;21;34;15;35;45;123;98949;324;36;126;7
69;35;39;24;48;25;157;99133;32;54;111;7
58;19;33;42;38;49;133;99107;316;42;113;7
54;22;35;65;29;26;87;99092;329;44;125;7
56;255;57;107;56;66;171;99464;325;61;104;7
52;2;27;32;47;16;93;99235;344;53;101;7
57;28;36;18;41;38;90;99002;327;98;119;7
59;22;29;42;37;69;144;99214;313;74;108;7
6;31;27;23;42;19;120;98952;332;41;127;7
6;31;27;23;42;19;120;98952;332;41;127;7
6;29;27;23;44;20;117;9895;331;41;127;7
52;31;2;24;27;27;117;98886;356;45;13;7
65;22;27;16;39;36;116;99178;338;57;11;7
63;41;22;73;35;23;117;99172;32;39;1194;7
67;34;26;19;38;58;138;9893;3;47;122;7
63;41;22;73;35;23;117;99172;32;39;1194;7
74;16;33;12;42;47;121;99198;304;68;105;7
63;29;29;33;37;32;140;9895;317;36;128;7
63;29;29;33;37;32;140;9895;317;36;128;7
58;3;38;49;39;22;86;98963;323;58;131;7
71;27;27;104;41;26;114;99335;304;52;115;7
58;3;38;49;39;22;86;98963;323;58;131;7
71;27;27;104;41;26;114;99335;304;52;115;7
66;35;26;27;45;19;129;98952;324;48;13;7
58;61;1;84;41;31;104;9909;326;72;1405;7
69;22;32;93;4;22;110;9958;334;54;107;7
56;26;27;106;3;27;119;9947;34;34;107;7
7;23;35;14;36;31;113;9912;316;48;108;7
56;22;32;12;24;29;97;98823;32;46;1305;7
62;2;26;97;3;39;102;9908;308;56;129;7
61;35;24;23;34;25;133;9906;334;59;12;7
48;13;32;12;42;40;98;9898;342;64;118;7
65;16;33;1;27;23;75;9908;33;39;114;7
62;36;27;32;32;13;73;98942;29;69;126;7
52;5;18;2;36;23;129;98949;336;77;134;7
75;305;38;14;47;30;95;99158;322;52;115;7
65;5;22;41;36;35;131;9902;326;55;13;7
56;24;34;2;41;14;73;98981;304;45;116;7
57;25;32;122;41;43;127;99524;323;53;104;7
66;21;39;23;41;31;102;99221;322;58;109;7
5;24;34;11;34;49;158;98774;332;32;131;7
58;26;29;1;42;35;101;99044;336;48;114;7
57;39;25;49;33;49;113;98966;326;58;131;7
6;29;41;108;48;55;149;9937;309;59;11;7
61;16;34;61;34;31;114;99365;332;58;1015;7
6;17;33;6;36;30;111;99362;332;58;1015;7
6;28;52;62;28;37;104;99161;328;51;118;7
6;28;52;62;28;37;104;99161;328;51;118;7
69;19;31;1925;43;38;167;99954;293;52;91;7
69;19;31;1925;43;38;167;99954;293;52;91;7
67;35;32;9;32;29;113;99188;313;65;129;7
67;35;32;9;32;29;113;99188;313;65;129;7
61;22;4;185;31;25;111;98966;303;3;118;7
54;33;31;4;3;27;108;99031;33;43;122;7
61;22;4;185;31;25;111;98966;303;3;118;7
61;24;32;9;31;41;134;99234;325;26;123;7
51;25;36;13;35;40;78;9891;323;64;121;7
6;38;26;35;35;38;111;98872;318;47;136;7
6;38;26;35;35;38;111;98872;318;47;136;7
53;4;25;39;31;45;130;99072;331;58;1175;7
66;19;25;12;52;34;181;99352;33;42;94;7
52;21;31;17;48;17;61;98953;324;37;12;7
69;25;29;24;38;28;76;99088;301;36;117;7
64;105;29;11;35;44;140;99142;317;55;107;7
64;105;29;11;35;44;140;99142;317;55;107;7
6;2;33;11;39;45;126;99051;331;45;116;7
64;105;29;11;35;44;140;99142;317;55;107;7
64;31;5;58;38;42;111;99189;318;53;119;7
51;26;33;11;27;46;113;98946;335;43;114;7
62;76;1;32;41;18;120;99026;32;94;137;7
65;28;34;46;54;22;130;99193;32;46;12;7
6;32;33;99;32;22;90;99258;31;43;121;7
68;34;36;89;29;44;128;99318;328;35;1195;7
44;54;9;51;38;52;97;99022;341;4;122;7
62;36;32;4;36;44;92;98936;32;5;133;7
62;38;42;25;38;34;117;99132;336;59;116;7
62;41;22;19;23;5;56;98928;304;79;13;7
63;35;3;57;35;8;97;9927;327;41;11;7
63;35;3;57;35;8;97;9927;327;41;11;7
66;25;3;16;46;32;134;993;342;51;101;7
59;24;3;2;33;28;92;99225;339;69;109;7
59;24;3;2;33;28;92;99225;339;69;109;7
69;28;3;16;47;46;132;9918;335;38;111;7
57;43;3;57;39;24;98;992;354;61;123;7
7;35;3;65;28;27;87;9936;34;42;114;7
7;35;3;65;28;27;87;9936;34;42;114;7
72;26;3;21;33;50;158;9909;333;43;121;7
67;27;3;139;29;34;131;9953;336;5;12;7
79;37;3;27;29;64;158;9916;312;59;12;7
63;41;3;32;3;49;164;9927;353;79;117;7
63;41;3;32;3;49;164;9927;353;79;117;7
71;33;3;33;34;30;102;9912;308;31;123;7
74;19;3;128;53;485;229;9986;314;49;91;7
74;19;3;128;53;485;229;9986;314;49;91;7
74;19;3;128;53;485;229;9986;314;49;91;7
74;19;3;128;53;485;229;9986;314;49;91;7
74;19;3;128;53;485;229;9986;314;49;91;7
74;19;3;128;53;485;229;9986;314;49;91;7
74;19;3;128;53;485;212;9986;314;49;91;7
7;36;3;5;4;40;143;99173;333;42;122;7
68;32;3;33;29;15;80;99061;333;63;126;7
69;34;3;47;29;34;148;99165;336;49;123;7
71;12;3;31;18;15;37;99004;302;52;119;7
71;12;3;31;18;15;37;99004;302;52;119;7
68;23;3;17;43;19;95;99207;317;46;107;7
68;18;3;128;62;19;171;99808;3;52;9;7
68;18;3;128;62;19;171;99808;3;52;9;7
68;18;3;128;62;19;171;99808;3;52;9;7
68;18;3;128;62;19;171;99808;3;52;9;7
68;18;3;128;62;19;171;99808;3;52;9;7
68;18;3;128;62;19;171;99808;3;52;9;7
68;18;3;128;62;19;171;99808;3;52;9;7
67;34;3;85;59;24;152;99615;346;64;11;7
67;12;3;52;48;38;113;99352;333;44;101;7
59;3;3;2;3;38;142;98892;341;41;129;7
7;15;3;133;49;46;120;99704;32;36;95;7
75;26;3;46;27;29;92;99085;315;38;12;7
65;37;3;22;33;39;107;98894;322;53;135;7
65;37;3;22;33;39;107;98894;322;53;135;7
64;29;3;29;36;25;79;99037;329;6;124;7
6;32;3;13;25;18;112;98802;307;64;133;7
58;28;3;15;26;31;114;98952;332;6;125;7
6;32;3;19;33;41;142;98912;329;42;128;7
6;32;3;19;33;41;142;98912;329;42;128;7
57;26;3;18;39;30;105;98995;348;52;125;7
66;24;3;113;26;11;77;99381;313;55;128;7
61;3;3;21;31;50;163;9895;339;43;127;7
61;3;3;21;31;50;163;9895;339;43;127;7
61;33;3;3;36;30;124;98922;331;4;131;7
58;275;3;54;43;41;149;9926;333;42;108;7
54;3;3;12;29;25;93;98742;331;4;136;7
53;3;3;12;29;25;93;98742;331;4;136;7
68;31;3;8;28;33;122;99164;313;63;126;7
68;31;3;8;28;33;122;99164;313;63;126;7
63;15;3;14;22;38;100;99099;342;57;114;7
73;24;3;25;42;31;104;9911;305;56;113;7
65;33;3;38;36;34;88;99028;325;63;125;7
65;33;3;38;36;34;88;99028;325;63;125;7
67;31;3;24;38;30;83;98867;309;36;128;7
65;33;3;38;36;34;88;99028;325;63;125;7
67;31;3;24;38;30;83;98867;309;36;128;7
84;22;3;13;38;45;122;99178;313;54;108;7
74;16;3;137;56;33;168;99825;29;44;87;7
74;16;3;137;56;33;168;99825;29;44;87;7
74;16;3;137;56;33;168;99825;29;44;87;7
74;16;3;137;56;33;168;99825;29;44;87;7
74;16;3;137;56;33;168;99825;29;44;87;7
74;16;3;137;56;33;168;99825;29;44;87;7
74;16;3;137;56;33;168;99825;29;44;87;7
62;3;3;25;41;29;82;99065;331;61;118;7
61;25;3;12;36;42;107;991;334;56;108;7
71;23;3;26;34;62;148;99121;303;56;113;7
56;18;3;102;28;28;131;9954;349;42;108;7
57;24;3;13;3;25;98;98968;337;43;124;7
59;48;3;15;37;19;78;99057;347;42;119;7
59;37;3;15;33;35;95;98986;336;56;12;7
55;29;3;11;22;20;110;98869;334;38;128;7
64;31;28;15;37;12;119;9919;332;51;104;7
64;31;28;15;37;12;119;9919;332;51;104;7
62;17;28;47;37;39;133;9931;341;46;108;7
64;35;28;11;55;9;160;99405;342;5;91;7
6;13;28;57;38;56;1895;9948;359;43;106;7
67;13;28;12;46;35;140;9927;333;33;101;7
72;25;28;144;55;55;205;9986;312;38;9;7
72;25;28;144;55;55;205;9986;312;38;9;7
72;25;28;144;55;55;205;9986;312;38;9;7
72;25;28;144;55;55;205;9986;312;38;9;7
67;16;28;25;46;40;153;9921;338;51;114;7
77;43;28;45;46;33;102;9918;316;56;122;7
82;18;28;85;35;41;140;9952;304;37;101;7
77;39;28;49;35;36;109;9918;319;58;122;7
77;39;28;49;35;36;109;9918;319;58;122;7
68;37;28;4;3;29;79;99;323;46;124;7
8;45;28;108;51;25;157;9957;306;47;114;7
8;45;28;108;51;25;157;9957;306;47;114;7
73;4;28;65;37;26;97;99148;316;58;126;7
73;4;28;65;37;26;97;99148;316;58;126;7
67;28;28;24;12;36;100;99064;326;39;117;7
74;2;28;91;47;29;95;99532;316;47;98;7
68;32;28;48;34;25;100;99026;308;47;124;7
72;44;28;34;48;22;112;99188;321;37;113;7
72;21;28;27;33;38;94;99075;299;43;118;7
85;23;28;111;33;30;97;99507;303;39;105;7
67;18;28;102;39;29;115;99469;311;45;109;7
67;18;28;102;39;29;115;99469;311;45;109;7
68;18;28;98;39;29;113;99406;311;45;109;7
63;37;28;63;34;45;152;9921;329;46;116;7
68;18;28;98;39;29;113;99406;311;45;109;7
68;18;28;98;39;29;113;99406;311;45;109;7
68;18;28;98;39;29;113;99406;311;45;109;7
67;18;28;102;39;29;115;99469;311;45;109;7
63;37;28;63;34;45;152;9921;329;46;116;7
59;24;28;13;32;36;95;98889;308;64;129;7
68;25;28;5;35;42;126;99048;312;38;126;7
65;22;28;37;59;29;151;99177;323;41;121;7
69;36;28;1355;48;51;189;99782;3;6;95;7
59;2;28;128;38;29;132;99426;331;57;118;7
7;22;28;106;39;32;117;99355;305;55;115;7
59;32;28;47;39;34;94;98964;322;57;131;7
63;22;28;24;42;38;102;98998;314;37;116;7
6;24;28;395;38;61;134;99146;33;54;113;7
71;36;28;24;36;35;115;98936;319;44;135;7
65;19;28;14;46;22;90;99038;318;51;117;7
68;18;28;11;27;32;112;99089;315;45;11;7
74;25;28;725;28;14;78;99238;294;37;115;7
74;25;28;725;28;14;78;99238;294;37;115;7
58;28;28;42;44;52;158;992;335;44;107;7
56;28;28;42;44;52;158;992;335;44;107;7
66;17;28;11;34;55;108;98939;3;52;119;7
66;36;28;61;29;12;93;99054;319;27;128;7
71;28;28;85;3;25;191;99338;316;46;122;7
57;265;28;69;36;46;150;99299;336;44;108;7
48;17;28;29;3;22;111;9902;338;34;113;7
57;265;28;69;36;46;150;99299;336;44;108;7
7;15;28;147;51;29;149;99792;296;39;9;7
7;15;28;147;51;29;149;99792;296;39;9;7
7;15;28;147;51;29;149;99792;296;39;9;7
7;15;28;147;51;29;149;99792;296;39;9;7
7;15;28;147;51;29;149;99792;296;39;9;7
7;15;28;147;51;29;149;99792;296;39;9;7
7;15;28;147;51;29;149;99792;296;39;9;7
7;15;28;147;51;29;149;99792;296;39;9;7
61;17;28;25;28;22;98;99072;316;37;111;7
75;34;28;4;28;46;100;98958;32;5;132;7
64;35;28;16;37;31;113;98779;312;4;142;7
72;17;28;1755;5;33;154;99971;294;43;9;7
72;17;28;1755;5;33;154;99971;294;43;9;7
64;25;28;49;3;29;98;99024;309;58;128;7
57;31;28;41;3;22;86;99062;331;38;117;7
58;24;28;14;38;40;76;98711;31;29;139;7
64;33;28;4;4;24;81;9903;326;64;126;7
57;22;28;13;27;26;101;98948;335;38;125;7
61;44;28;425;32;43;132;9916;326;47;113;7
59;18;28;1;37;24;88;99094;329;55;1065;7
63;36;28;25;35;18;73;98868;31;47;128;7
59;12;28;14;37;36;83;99074;333;42;109;7
61;32;28;66;21;29;132;99188;315;36;1145;7
62;21;28;57;28;45;121;99168;321;108;1215;7
62;66;48;12;29;29;75;9892;333;39;128;8
62;66;48;12;29;29;75;9892;333;39;128;8
68;26;42;17;49;41;122;993;347;48;105;8
67;23;31;21;46;30;96;9926;333;64;107;8
67;23;31;21;46;30;96;9926;333;64;107;8
52;44;4;14;36;43;119;9894;336;33;121;8
52;44;4;14;36;43;119;9894;336;33;121;8
68;53;35;38;34;26;109;9906;326;57;127;8
67;26;39;11;4;45;147;9935;332;58;96;8
7;24;36;28;34;22;112;99;319;38;126;8
61;31;58;5;39;36;114;9909;33;6;123;8
5;55;14;83;32;35;164;9918;353;51;125;8
64;32;35;48;3;34;101;9912;336;6;125;8
7;23;36;71;28;31;104;9922;335;47;121;8
66;16;32;14;35;49;186;9906;335;64;124;8
6;25;28;22;26;54;126;9898;343;65;129;8
59;27;29;114;36;31;115;9949;335;48;105;8
65;36;28;32;37;29;119;9908;325;65;124;8
62;24;29;133;39;49;130;9952;333;46;11;8
71;32;34;145;39;46;150;995;338;5;125;8
66;33;31;13;2;29;89;99035;326;44;124;8
6;18;31;14;36;14;75;99085;334;58;111;8
73;3;34;27;44;34;108;99105;336;53;128;8
75;42;34;43;4;34;108;99155;314;45;128;8
73;25;36;21;34;30;177;99085;325;4;119;8
73;25;36;21;34;30;177;99085;325;4;119;8
73;25;36;21;34;30;177;99085;325;4;119;8
73;21;29;16;34;29;118;9917;33;5;11;8
73;21;29;16;34;29;118;9917;33;5;11;8
81;27;35;17;3;38;103;99255;322;63;104;8
78;18;46;126;42;41;143;1;324;76;85;8
69;12;36;22;37;18;111;9919;341;82;119;8
69;21;28;24;56;49;159;9944;302;47;88;8
71;25;39;21;36;30;124;9908;328;43;122;8
79;28;41;2;44;50;152;9934;345;49;107;8
68;19;32;705;19;54;188;9935;325;37;111;8
52;24;45;38;27;21;128;992;355;49;112;8
7;24;32;13;37;39;123;992;317;42;112;8
53;24;33;13;33;25;97;9906;359;38;11;8
52;24;45;38;27;21;128;992;355;49;112;8
7;15;38;22;47;33;96;9928;313;39;104;8
6;26;42;52;27;70;178;9914;34;4;123;8
61;31;37;84;31;70;170;9934;342;4;117;8
66;21;38;22;26;40;104;9914;325;4;111;8
82;37;36;1;34;17;93;9906;304;32;117;8
72;26;44;71;27;25;126;993;302;34;111;8
82;37;36;1;34;17;93;9906;304;32;117;8
75;28;34;42;28;36;116;991;299;41;123;8
8;45;36;88;26;50;151;9927;307;25;127;8
68;24;4;18;47;34;105;99;313;49;128;8
78;21;39;18;34;62;180;991;309;75;126;8
78;29;36;7;42;38;161;9941;326;37;112;8
73;23;37;19;41;51;165;9908;326;4;122;8
73;39;37;11;43;36;113;991;339;48;127;8
78;29;36;7;42;38;161;9941;326;37;112;8
68;35;32;24;48;35;103;9911;328;46;12;8
74;4;29;54;44;31;122;994;33;5;111;8
71;26;31;22;44;29;128;9937;334;64;109;8
82;22;36;68;34;12;90;9944;301;38;105;8
69;3;33;41;35;26;155;9925;325;79;123;8
8;44;49;91;31;46;151;9926;316;27;127;8
8;34;49;9;33;39;180;9936;313;38;123;8
77;35;49;865;33;42;186;9931;314;38;124;8
7;17;74;128;45;24;126;9942;326;38;122;8
62;22;49;6;29;31;128;9928;341;36;113;8
71;28;49;65;41;28;111;9926;341;58;122;8
65;13;37;1;36;48;114;9911;341;51;115;8
65;18;34;16;4;43;148;9912;332;59;115;8
65;18;34;16;4;43;148;9912;332;59;115;8
64;15;36;18;34;43;150;9922;342;69;11;8
64;15;36;18;34;43;150;9922;342;69;11;8
69;25;27;905;39;37;128;9936;327;34;113;8
76;2;3;142;56;53;2125;999;314;46;89;8
76;2;3;142;56;53;2125;999;314;46;89;8
76;2;3;142;56;53;2125;999;314;46;89;8
76;2;3;142;56;53;2125;999;314;46;89;8
76;2;3;142;56;53;2125;999;314;46;89;8
76;2;3;142;56;53;2125;999;314;46;89;8
63;41;18;35;27;23;109;99018;334;54;128;8
68;37;28;19;24;64;106;98993;345;6;126;8
77;4;27;45;34;27;95;99175;321;59;123;8
69;15;28;44;29;14;107;99347;324;46;104;8
69;15;28;44;29;14;107;99347;324;46;104;8
68;46;26;27;42;28;83;99114;338;51;12;8
7;28;26;17;42;34;130;9925;343;5;107;8
73;17;24;81;121;32;162;99508;317;38;104;8
73;17;24;81;121;32;162;99508;317;38;104;8
8;13;25;11;33;15;86;99044;298;39;112;8
58;17;34;18;45;96;170;99035;338;9;118;8
58;17;34;18;45;96;170;99035;338;9;118;8
58;315;27;155;26;15;70;98994;337;4;119;8
7;36;32;1005;45;37;131;99352;309;33;117;8
7;36;32;1005;45;37;131;99352;309;33;117;8
7;36;32;105;45;35;135;9935;309;33;116;8
64;22;32;72;28;15;83;993;313;55;109;8
55;15;32;14;31;16;99;99437;326;38;115;8
64;22;32;72;28;15;83;993;313;55;109;8
66;29;31;39;27;39;96;99035;324;6;126;8
58;21;32;16;45;38;95;98946;323;94;124;8
52;285;29;515;35;64;138;9895;319;34;124;8
65;44;47;545;14;44;137;98984;313;32;13;8
52;155;33;16;28;13;59;98975;33;84;119;8
56;21;4;13;41;81;147;9901;322;95;116;8
52;155;33;16;28;13;59;98975;33;84;119;8
7;12;29;103;39;41;98;99564;319;38;98;8
7;12;29;103;39;41;98;99564;319;38;98;8
7;12;29;103;39;41;98;99564;319;38;98;8
49;33;31;12;16;39;150;98713;333;59;14;8
55;34;26;22;21;31;119;98919;355;49;13;8
65;35;36;8;34;32;111;98942;311;5;121;8
68;22;31;69;37;33;121;99176;302;39;119;8
71;47;29;148;24;22;142;99518;312;48;12;8
71;47;29;148;24;22;142;99518;312;48;12;8
68;28;43;76;3;30;110;99164;308;59;125;8
7;53;43;61;29;6;76;99118;308;5;125;8
68;28;43;76;3;30;110;99164;308;59;125;8
67;33;36;66;42;34;116;99123;297;31;122;8
67;33;34;75;36;39;124;99123;299;32;124;8
69;36;35;86;38;37;125;9916;3;32;124;8
7;17;36;64;55;42;123;99318;311;5;11;8
71;26;37;55;25;31;105;99082;306;33;126;8
53;3;16;42;29;37;100;9905;33;36;118;8
65;26;31;36;3;36;92;99026;322;62;126;8
66;23;3;46;6;29;154;99142;323;49;122;8
56;12;33;29;44;21;73;98896;317;32;129;8
56;12;33;29;44;21;73;98896;317;32;129;8
61;28;27;47;3;56;140;99042;316;42;125;8
61;28;27;47;3;56;140;99042;316;42;125;8
69;28;3;83;26;37;113;99139;299;38;123;8
63;29;28;47;59;28;81;99036;324;56;127;8
62;28;28;43;26;22;105;989;298;64;131;8
66;15;32;6;33;59;128;99192;319;71;121;8
66;15;32;6;33;59;128;99192;319;71;121;8
66;16;36;11;31;27;93;98884;323;34;132;8
65;3;27;4;38;37;97;99026;32;6;126;8
62;37;24;61;32;19;86;98934;304;26;134;8
65;3;27;4;38;37;97;99026;32;6;126;8
54;45;27;64;33;20;102;98944;322;27;134;8
62;37;24;61;32;19;86;98934;304;26;134;8
67;28;31;74;41;7;81;99254;304;47;114;8
57;15;47;114;35;49;128;99456;303;34;105;8
54;53;16;27;36;34;128;98856;32;53;132;8
58;32;28;43;32;46;115;98946;316;57;13;8
5;29;54;57;35;54;155;98976;327;34;129;8
54;53;16;27;36;34;128;98856;32;53;132;8
58;32;28;43;32;46;115;98946;316;57;13;8
73;41;29;18;32;26;74;98889;296;35;13;8
7;22;26;92;27;37;122;99228;306;34;125;8
7;22;26;92;27;37;122;99228;306;34;125;8
54;46;15;21;26;29;130;98953;339;77;134;8
54;46;15;21;26;29;130;98953;339;77;134;8
69;22;28;78;5;43;116;99326;322;6;115;8
66;5;26;113;29;32;110;99302;327;78;129;8
65;33;24;145;48;20;96;99456;306;3;115;8
65;43;31;36;46;19;143;99022;315;34;12;8
63;17;32;1;4;39;118;98886;331;4;131;8
71;45;24;27;4;24;87;98862;294;38;134;8
73;19;27;139;57;45;155;99807;294;41;88;8
73;19;27;139;57;45;155;99807;294;41;88;8
73;19;27;139;57;45;155;99807;294;41;88;8
73;19;27;139;57;45;155;99807;294;41;88;8
73;19;27;139;57;45;155;99807;294;41;88;8
73;19;27;139;57;45;155;99807;294;41;88;8
73;19;27;139;57;45;155;99807;294;41;88;8
68;24;29;2;44;15;96;99232;323;64;104;8
73;19;27;139;57;45;155;99807;294;41;88;8
52;3;34;15;38;18;96;98942;356;48;13;8
64;32;25;5;55;28;138;99171;327;5;124;8
44;32;39;43;3;31;127;98904;346;36;128;8
39;225;4;42;3;29;118;989;357;36;128;8
58;28;34;22;37;24;125;98986;336;33;128;8
62;45;26;44;63;63;206;994;327;52;98;4
98;36;46;105;38;4;83;9956;289;3;101;4
55;485;0;15;65;8;103;994;363;4;97;4
64;595;14;52;58;15;97;9951;338;36;9;4
76;48;37;8;37;4;100;9902;303;39;114;4
72;32;47;51;44;19;65;991;303;41;126;4
6;67;7;12;6;9;108;9931;311;35;87;4
65;28;28;85;47;54;210;9962;309;54;89;4
58;28;35;23;53;36;114;9924;328;5;102;4
102;44;88;62;49;20;124;9968;299;51;99;4
68;64;8;97;62;26;142;9972;337;46;89;4
59;21;28;46;53;40;199;9964;372;7;10;4
58;36;38;9;37;3;75;9904;328;34;114;4
68;32;34;12;44;14;67;9919;305;47;106;4
68;44;37;51;47;46;201;9938;308;65;105;4
72;55;9;15;108;16;151;9938;307;57;92;4
72;4;62;108;41;70;189;9976;308;49;86;4
72;4;62;108;41;70;189;9976;308;49;86;4
72;31;46;5;4;3;29;9906;304;53;125;4
67;31;31;99;4;10;175;9953;346;55;114;4
76;56;12;104;96;22;177;9983;332;45;91;4
61;28;25;129;54;34;189;9979;325;43;9;4
65;33;72;11;61;7;151;993;309;57;95;4
68;29;16;14;38;1225;2345;9922;315;47;10;4
7;57;1;83;94;23;188;9972;34;47;92;4
68;67;3;13;29;22;193;9984;308;67;9;4
69;2;34;19;43;25;136;9935;331;6;101;4
66;38;18;12;42;20;84;9927;322;45;101;4
6;395;0;14;42;7;55;99135;337;38;112;4
74;17;4;55;37;34;161;9935;305;62;115;4
84;19;42;16;47;9;101;994;306;65;111;4
83;27;45;13;48;8;72;9944;308;61;103;4
8;23;37;96;54;23;159;99795;332;47;98;4
8;32;26;12;5;115;88;9946;324;37;95;4
68;705;25;32;48;10;57;996;336;52;95;4
82;26;44;13;46;7;69;9944;314;62;102;4
7;24;18;13;46;9;62;994;338;47;101;4
8;55;17;82;4;13;60;9956;309;3;95;4
63;6;44;11;5;50;245;9972;319;57;93;4
82;68;3;21;47;17;138;995;322;71;108;4
73;49;32;52;43;18;104;9952;324;45;107;4
94;29;55;22;5;17;119;9962;312;69;103;4
53;3;2;11;77;48;166;9944;33;54;87;4
92;22;4;24;54;18;151;9952;304;46;93;4
65;52;17;14;47;5;26;9932;326;32;10;4
61;6;0;13;42;24;79;9937;331;38;94;4
79;16;3;48;37;37;171;9967;347;44;9;4
76;33;36;21;34;26;172;9944;342;48;105;4
8;66;72;1755;42;62;233;9999;292;68;94;4
69;39;22;43;3;10;102;993;3;87;116;4
69;41;22;42;31;10;102;993;3;86;116;4
92;35;39;9;42;15;61;9924;296;28;104;4
69;32;16;14;51;15;96;994;322;38;95;4
63;39;24;69;69;9;117;9942;315;35;102;4
92;28;49;118;42;29;137;998;31;34;101;4
98;25;74;10;56;36;225;9977;306;43;10;4
7;39;24;1;48;8;119;9923;3;31;101;4
69;25;24;36;57;13;85;9942;299;48;95;4
69;25;24;36;57;13;85;9942;299;48;95;4
71;53;24;8;29;29;86;993;316;32;91;4
62;43;49;64;45;12;115;9963;327;57;9;4
88;35;49;1;36;14;56;992;296;33;105;4
85;17;49;88;48;23;108;9947;288;34;105;4
71;64;49;18;5;17;128;9946;331;58;106;4
76;31;49;134;62;50;191;9989;322;53;9;4
69;26;49;16;58;39;166;9965;365;52;94;4
82;29;49;1;44;29;118;9928;324;36;109;4
9;43;3;15;5;7;175;9951;311;45;97;4
65;27;19;42;46;6;114;9955;325;35;86;4
7;61;26;17;51;25;161;9946;336;6;106;4
93;2;33;17;5;28;178;9954;316;43;9;4
84;29;29;105;32;4;55;9908;291;32;114;4
61;32;37;18;51;13;200;9945;349;44;105;4
72;5;0;8;34;46;114;9932;319;34;92;4
10;91;42;16;56;34;181;9968;311;46;10;4
76;26;36;16;32;6;106;993;315;4;104;4
64;43;27;11;54;5;110;9939;324;52;91;4
74;45;32;71;44;17;117;9962;332;41;104;4
68;2;27;12;34;19;68;9902;314;37;117;4
8;16;36;15;33;14;122;9941;32;39;103;4
98;93;45;86;52;34;187;9994;312;59;102;4
79;28;32;36;38;9;76;992;305;31;117;4
63;24;37;18;31;6;61;9897;33;34;122;4
76;23;26;153;67;32;166;9986;303;44;92;4
64;34;2;149;6;37;162;9983;313;45;9;4
64;34;2;149;6;37;162;9983;313;45;9;4
75;29;26;1495;67;47;178;99838;304;49;92;4
75;26;59;118;46;58;164;99814;317;46;89;4
65;28;35;98;67;61;180;9972;315;57;9;4
77;28;63;111;39;58;179;9979;308;44;88;4
6;33;18;3;36;5;85;99125;328;4;115;4
64;27;19;2;84;21;191;99516;349;63;96;4
64;27;19;19;85;21;196;99516;349;64;95;4
69;3;29;13;53;24;189;99362;329;54;99;4
69;3;3;13;53;24;186;99361;329;54;99;4
76;21;35;12;41;7;106;9914;306;45;113;4
92;19;42;2;47;16;104;99517;309;66;10;4
92;16;49;2;44;18;107;99514;31;53;102;4
71;21;28;27;34;23;111;99405;335;64;102;4
63;38;17;88;8;50;212;99803;347;66;94;4
71;21;28;27;34;23;111;99405;335;64;102;4
62;38;18;74;95;28;195;99773;353;71;92;4
64;35;35;56;34;9;148;99441;317;5;98;4
76;31;23;127;54;20;139;99836;316;5;97;4
76;31;23;127;54;20;139;99836;316;5;97;4
86;34;36;14;45;11;119;99556;317;47;94;4
86;34;36;14;45;11;119;99556;317;47;94;4
67;54;27;71;49;8;178;99502;316;38;94;4
67;54;27;71;49;8;178;99502;316;38;94;4
72;615;1;14;68;25;154;99499;32;48;97;4
71;23;24;54;39;60;196;9948;319;78;10;4
6;11;47;106;52;69;148;9958;291;34;93;4
85;22;34;7;4;5;25;9918;304;37;105;4
74;28;4;119;32;13;92;99629;301;46;108;4
71;27;28;125;23;3;89;98993;295;3;114;4
68;27;29;46;46;6;88;99458;334;48;106;4
62;255;24;17;39;1385;272;99452;353;53;96;4
73;28;42;12;33;29;142;99205;317;43;107;4
69;3;36;45;54;31;203;99513;34;57;104;4
85;2;4;11;46;31;106;99194;3;35;105;4
87;3;59;17;46;10;70;99373;306;56;108;4
65;29;25;25;142;8;111;9927;3;44;99;4
65;48;2;9;43;32;99;99226;314;47;98;4
67;64;3;12;3;18;76;9892;316;6;129;4
69;75;13;63;36;19;50;99312;309;25;111;4
75;34;24;385;31;5;34;99098;301;36;118;4
59;655;0;56;33;8;31;9936;332;51;105;4
67;22;22;12;38;5;124;99098;31;37;112;4
69;19;6;4;37;6;122;99255;292;59;104;4
61;6;12;18;5;11;76;99268;342;48;104;4
85;18;3;11;28;34;95;99272;283;36;10;4
65;32;48;8;26;18;88;99144;322;79;127;4
74;27;31;24;14;15;143;99094;303;65;12;4
73;36;54;133;54;63;193;99864;306;49;86;4
68;73;2;66;54;25;65;99324;312;28;111;4
48;65;12;11;13;4;10;99246;332;36;135;4
87;31;21;56;39;28;67;99328;296;52;11;4
73;38;23;65;5;18;102;99304;31;55;112;4
63;27;51;76;49;35;200;99548;316;54;94;4
63;27;51;76;49;35;200;99548;316;54;94;4
64;37;12;59;56;6;91;99536;306;46;84;4
61;11;16;44;33;8;109;99058;335;47;124;4
66;35;19;105;6;15;82;99588;313;38;99;4
66;31;37;62;52;13;164;99602;324;39;88;4
65;38;53;14;142;5;69;9926;314;52;101;4
61;38;14;39;6;27;113;99344;307;34;92;4
61;38;14;39;6;27;113;99344;307;34;92;4
53;43;11;11;29;6;51;99076;351;48;112;4
53;47;1;13;36;11;74;99082;348;54;112;4
56;18;29;23;4;5;47;99126;307;45;101;4
63;28;22;95;4;30;111;99338;305;31;108;4
58;28;18;12;58;7;108;99288;323;58;955;4
58;26;3;26;34;75;129;9902;32;38;115;4
6;615;4;8;32;8;50;99036;314;4;11;4
68;63;4;13;58;25;133;99271;317;39;102;4
68;63;4;13;58;25;133;99271;317;39;102;4
71;24;34;12;45;6;132;99132;316;46;112;4
6;59;0;8;37;30;95;99032;31;4;109;4
6;35;46;9;33;9;65;98934;324;35;121;4
52;405;15;145;38;10;44;99125;352;4;116;4
62;53;2;9;35;6;81;99234;324;35;95;4
85;26;21;162;74;41;197;998;302;5;98;3
58;24;44;35;29;5;109;9913;353;43;117;3
91;59;38;16;66;34;182;9968;323;38;85;3
71;32;32;11;38;16;66;9937;324;4;115;3
69;39;4;46;22;5;19;9915;331;37;126;3
91;27;45;106;35;28;124;997;32;46;104;9
66;36;29;16;21;24;85;98965;341;61;124;9
74;24;36;2;31;27;139;99055;328;48;125;9
103;17;47;14;37;5;33;9939;289;28;96;3
69;36;34;42;18;57;119;9898;328;36;127;9
79;64;46;106;244;33;227;9983;287;74;91;3
83;33;42;115;33;18;96;9911;32;32;124;3
86;55;35;1555;57;355;3665;1;304;63;11;3
75;32;24;46;53;8;134;9958;314;5;91;3
71;26;49;22;32;31;113;9903;337;42;129;9
67;25;26;155;41;1185;216;9949;355;63;94;3
71;49;22;2;47;1465;3075;9924;324;37;11;3
118;23;38;111;34;15;123;9997;293;55;97;3
76;48;37;12;34;5;57;99256;305;54;104;3
61;2;34;95;41;38;201;995;314;44;101;3
42;215;23;51;41;64;157;99688;342;44;80;3
62;23;35;7;51;24;111;9916;337;43;11;3
68;26;34;151;6;42;162;99705;324;52;105;3
